#,link,Effective anisotropy constant ((kJ/m3),Curie temperature (K),Demagnetization factors (Nd),Core composition (formula),magnetic easy axis,Electronegativity core,Elongation,Flatness,"length, nm","width, nm","depth, nm",Space group,shape name ,Saturation magnetization (emu/g),Coercivity (Oe),Remanence magnetization (emu/g),Common spine,Shell composition (surface),Max/min(size),surface,pol,surf,Magnetic moment of core,LogP of organic coating,Number H acceptors of organic coating,Field amplitude,Field frequency,SAR
1,https://doi.org/10.1039/C4RA15675G,1700,795,,CoFe2O4,,,1,1,4.1,4.1,4.1,227,cube,71.7,1450,32.8,,,,naked,oleic acid,0,,,,,,
2,https://doi.org/10.1039/C4RA15675G,1700,795,,CoFe2O4,,,1,1,13.8,13.8,13.8,227,cube,71.7,1450,32.8,,,,naked,oleic acid,0,,,,,,
3,https://doi.org/10.1039/C4RA15675G,1700,795,,CoFe2O4,,,1,1,4.1,4.1,4.1,227,cube,71.7,1450,32.8,,,,naked,oleic acid,0,,,,,,
4,https://doi.org/10.1039/C4RA15675G,1700,795,,CoFe2O4,,,1,1,13.8,13.8,13.8,227,cube,23.1,631.5,8.4,,,,naked,oleic acid,0,,,,,,
5,https://doi.org/10.1039/C4RA15675G,1700,795,,CoFe2O4,,,1,1,24.5,24.5,24.5,227,cube,127.6,748.72,38.8,,,,naked,oleic acid,0,,,,,,
6,https://doi.org/10.1039/C4RA15675G,1700,795,,CoFe2O4,,,1,1,32.1,32.1,32.1,227,cube,45.7,1567.15,21.2,,,,naked,oleic acid,0,,,,,,
7,https://doi.org/10.1039/C4RA15675G,1700,795,,CoFe2O4,,,1,1,45.2,45.2,45.2,227,cube,23.1,631.5,8.4,,,,naked,oleic acid,0,,,,,,
8,https://doi.org/10.1039/C4RA15675G,1700,795,,CoFe2O4,,,1,1,24.5,24.5,24.5,227,cube,127.6,748.72,38.8,,,,naked,oleic acid,0,,,,,,
9,https://doi.org/10.1039/C4RA15675G,1700,795,,CoFe2O4,,,1,1,32.1,32.1,32.1,227,cube,45.7,1567.15,21.2,,,,naked,oleic acid,0,,,,,,
10,https://doi.org/10.1039/C4RA15675G,1700,795,,CoFe2O4,,,1,1,45.2,45.2,45.2,227,cube,23.1,631.5,8.4,,,,naked,oleic acid,0,,,,,,
11,https://doi.org/10.1039/C1CC14300J,,793,,CoFe2O4,,,1,1,14,14,14,227,cube,71.7,1450,32.8,,,,naked,0,0,,,,,,
12,https://doi.org/10.1039/C5DT01585E,,573,,MnFe2O4,,,1,1,4,4,4,227,,66.3,0,0,,,,naked,oleic acid,0,,,,,,
13,https://doi.org/10.1039/C5DT01585E,,573,,MnFe2O4,,,1,1,16,16,16,227,,54.55,0,0,,,,naked,oleic acid,0,,,,,,
14,https://doi.org/10.1039/C5DT01585E,,573,,MnFe2O4,,,1,1,18,18,18,227,,42.99,0,0,,,,naked,oleic acid,0,,,,,,
15,https://doi.org/10.1039/C5DT01585E,,573,,MnFe2O4,,,1,1,27,27,27,227,,18.7,0,0,,,,naked,oleic acid,0,,,,,,
16,https://doi.org/10.1039/C5DT01585E,,573,,MnFe2O4,,,1,1,4,4,4,227,,66.3,0,0,,,,naked,oleic acid,0,,,,,,
17,https://doi.org/10.1039/C5DT01585E,,573,,MnFe2O4,,,1,1,16,16,16,227,,54.55,0,0,,,,naked,oleic acid,0,,,,,,
18,https://doi.org/10.1039/C5DT01585E,,573,,MnFe2O4,,,1,1,18,18,18,227,,42.99,0,0,,,,naked,oleic acid,0,,,,,,
19,https://doi.org/10.1039/C5DT01585E,,573,,MnFe2O4,,,1,1,27,27,27,227,,18.7,0,0,,,,naked,oleic acid,0,,,,,,
20,https://doi.org/10.1016/j.bios.2014.07.048,,713,,MgFe2O4,,,1,1,220,220,220,227,,69.5,,,,,,naked,poly(ethylene oxide),0,,,,,,
21,https://doi.org/10.1016/j.bios.2014.07.048,,713,,MgFe2O4,,,1,1,220,220,220,227,,69.5,,,,,,naked,poly(ethylene oxide),0,,,,,,
22,https://doi.org/10.1016/j.bios.2014.07.048,,713,,MgFe2O4,,,1,1,220,220,220,227,,69.5,,,,,,naked,poly(ethylene oxide),0,,,,,,
23,https://doi.org/10.1016/j.bios.2014.07.048,,790,,NiFe2O4,,,1,1,200,200,200,227,,43,,,,,,naked,poly(ethylene oxide),0,,,,,,
24,https://doi.org/10.1016/j.bios.2014.07.048,,843.15,,NiFe2O4,,,1,1,200,200,200,227,,43,,,,,,naked,poly(ethylene oxide),0,,,,,,
25,https://doi.org/10.1016/j.bios.2014.07.048,,843.15,,NiFe2O4,,,1,1,200,200,200,227,,43,,,,,,naked,poly(ethylene oxide),0,,,,,,
26,https://doi.org/10.1021/ac300939z,,800,,ZnFe2O4,,,1,1,200,200,200,227,,65,0,0,,,,naked,poly(ethylene oxide),ethylene glycol,,,,,,
27,https://doi.org/10.1021/ac300939z,,800,,ZnFe2O4,,,1,1,200,200,200,227,,65,0,0,,,,naked,poly(ethylene oxide),ethylene glycol,,,,,,
28,https://doi.org/10.1016/j.snb.2016.04.041,,-125,,FeVO4,,,0.3666666667,0.1363636364,2000,100,100,2,,750,750,0.22,,,,naked,0,0,,,,,,
29,https://doi.org/10.1016/j.snb.2016.04.041,,-125,,FeVO4,,,0.3666666667,0.1363636364,2000,100,100,2,,750,750,0.071,,,,naked,0,0,,,,,,
30,https://doi.org/10.1016/j.jtice.2017.12.011,,,,Fe3O4@CeO2,,,1,1,630,630,630,,,41.62,0,0,,,,naked,0,0,,,,,,
31,https://doi.org/10.1016/j.jtice.2017.12.011,,,,Fe3O4@CeO2,,,1,1,630,630,630,,,41.62,0,0,,,,naked,0,0,,,,,,
32,https://doi.org/10.1016/j.procbio.2019.05.014,,,,Fe3O4-MnO2,,,1,1,2000,2000,2000,,,8.45,0,0,,,,naked,0,0,,,,,,
33,https://doi.org/10.1016/j.procbio.2019.05.014,,,,Fe3O4-MnO2,,,1,1,2000,2000,2000,,,8.45,0,0,,,,naked,0,0,,,,,,
34,https://doi.org/10.1002/chem.201001789,,858,,Fe3O4,,,1,1,169.1,169.1,169.1,227,,75.9,100,15,,,,0,,0,,,,,,
35,https://doi.org/10.1002/chem.201001789,,858,,Fe3O4,,,0.905115129,0.9475840874,215.7,185,185,227,,87.4,100,15,,,,naked,0,0,,,,,,
36,https://doi.org/10.1002/chem.201001789,,858,,Fe3O4,,,1,1,222.8,222.8,222.8,227,,83.5,100,15,,,,naked,0,0,,,,,,
37,https://doi.org/10.1016/j.procbio.2019.05.014,,858,,Fe3O4,,,1,1,246.6,246.6,246.6,227,,49.41,0,0,,,,naked,0,0,,,,,,
38,https://doi.org/10.1016/j.procbio.2019.05.014,,858,,Fe3O4,,,1,1,246.6,246.6,246.6,227,,49.41,0,0,,,,naked,0,0,,,,,,
39,https://doi.org/10.1039/C9TB00989B,,948,,Fe2O3,,,0.9300699301,0.9248120301,12.3,13.3,14.3,227,,20.123,612,7.363,,,,naked,0,0,,,,,,
40,https://doi.org/10.1039/C9TB00989B,,948,,Fe2O3,,,0.9300699301,0.9248120301,12.3,13.3,14.3,227,,40.87,1017.2,14.207,,,,naked,0,0,,,,,,
41,https://doi.org/10.1039/C9TB00989B,,948,,Fe2O3,,,0.9270072993,0.9212598425,11.7,12.7,13.7,227,,0.1368,1465,0.0527,,,,naked,0,0,,,,,,
42,https://doi.org/10.1039/C9TB00989B,,948,,Fe2O3,,,0.9270072993,0.9212598425,11.7,12.7,13.7,227,,0.42,1922.8,0.14284,,,,naked,0,0,,,,,,
43,https://doi.org/10.1016/j.jtice.2017.12.011,,858,,Fe3O4,,,1,1,590,590,590,227,,50.72,0,0,,,,naked,0,tetramethylethylenediamine,,,,,,
44,https://doi.org/10.1016/j.jtice.2017.12.011,,858,,Fe3O4,,,1,1,590,590,590,227,,50.72,0,0,,,,naked,0,tetramethylethylenediamine,,,,,,
45,https://doi.org/10.3390/nano10020313,,858,,Fe3O4,,,1,1,10,10,10,227,,78,0,0,,,,naked,0,0,,,,,,
46,https://doi.org/10.1039/C4CC06684G,,1494,,NiTe,,,0.3393333333,0.02652259332,5000,45,45,194,,0.61,140,140,,,,naked,0,0,,,,,,
47,https://doi.org/10.1021/acsanm.0c02807,,500,,Fe2O3,,,1,1,250,250,250,167,,18.98,130,1.97,,,,Dopamine,0,0,,,,,,
48,https://doi.org/10.1021/acsanm.0c02807,,500,,Fe2O3,,,1,1,250,250,250,167,,10.45,130,1.97,,,,Dopamine,0,0,,,,,,
49,https://doi.org/10.1039/D0DT02395G,,773.15,,Cu-CuFe2O4,,,0.3909722222,0.2211367673,480,41.5,41.5,141,,7,0,0,,,,naked,0,0,,,,,,
50,https://doi.org/10.1039/D0DT02395G,,773.15,,Cu-CuFe2O4,,,0.3909722222,0.2211367673,480,41.5,41.5,141,,7,0,0,,,,naked,0,0,,,,,,
51,https://doi.org/10.1021/acsnano.1c03128,,793,,CoFe2O4,,,1,1,164.8,164.8,164.8,227,,100,797,29,,,,poly(ethylene oxide),0,ethylene glycol,,,,,,
52,https://doi.org/10.1039/C0JM00174K,,,,Fe2O3-Fe4(Fe(CN)6)3,,,1,1,10.5,10.5,10.5,225,,34.73,0,0,,,,naked,0,0,,,,,,
53,https://doi.org/10.1039/C0JM00174K,,,,Fe2O3-Fe4(Fe(CN)6)4,,,1,1,10.5,10.5,10.5,225,,34.7,0,0,,,,naked,0,0,,,,,,
54,https://doi.org/10.1021/ac300939z,,800,,ZnFe2O4,,,1,1,200,200,200,227,,65,0,0,,,,naked,poly(ethylene oxide),ethylene glycol,,,,,,
55,https://doi.org/10.1021/ac300939z,,800,,ZnFe2O4,,,1,1,200,200,200,227,,65,0,0,,,,naked,poly(ethylene oxide),ethylene glycol,,,,,,
56,https://doi.org/10.1016/j.talanta.2011.09.026,,,,Fe0.5Mn0.5Fe2O4,,,1,1,8,8,8,,,65.9,60,,,,,naked,0,0,,,,,,
57,https://doi.org/10.1016/j.talanta.2011.09.026,,,,Fe0.5Mn0.5Fe2O4,,,1,1,8,8,8,,,65.9,60,,,,,naked,0,0,,,,,,
58,https://doi.org/10.1016/j.colsurfa.2021.126585,,573,,MnFe2O4,,,1,1,3.16,3.16,3.16,227,,44.17,0,0,,,,naked,0,0,,,,,,
59,https://doi.org/10.1002/asia.201500942,,573,,MnFe2O4,,,1,1,150,150,150,227,,49.3,1005,18.89,,,,naked,0,0,,,,,,
60,https://doi.org/10.1021/acsnano.1c03128,,793,,CoFe2O4,,,1,1,164.8,164.8,164.8,227,,100,797,29,,,,poly(ethylene oxide),0,ethylene glycol,,,,,,
61,https://doi.org/10.1039/C7NJ00292K,,858,,Fe3O4,,,1,1,30,30,30,227,,15.83,0,0,,,,perylenediimide,0,sodium citrate,,,,,,
62,https://doi.org/10.1039/C7NJ00292K,,858,,Fe3O4,,,1,1,30,30,30,227,,15.83,0,0,,,,perylenediimide,0,sodium citrate,,,,,,
63,https://doi.org/10.1039/C7NJ00292K,,858,,Fe3O4,,,1,1,15,15,15,227,,15.83,0,0,,,,naked,0,sodium citrate,,,,,,
64,https://doi.org/10.1039/C7NJ00292K,,858,,Fe3O4,,,1,1,15,15,15,227,,15.83,0,0,,,,naked,0,sodium citrate,,,,,,
65,https://doi.org/10.1002/chem.201101191,,858,,Fe3O4,,,1,1,25,25,25,227,,46.03,0,0,,,,naked,0,0,,,,,,
66,https://doi.org/10.1002/chem.201101191,,858,,Fe3O4,,,1,1,25,25,25,227,,46.03,0,0,,,,naked,0,0,,,,,,
67,https://doi.org/10.1002/chem.201101191,,,,Si-Fe3O4,,,1,1,27,27,27,,,54.8,0,0,,,,naked,0,0,,,,,,
68,https://doi.org/10.1002/chem.201101191,,,,Si-Fe3O4,,,1,1,27,27,27,,,54.8,0,0,,,,naked,0,0,,,,,,
69,https://doi.org/10.1016/j.jhazmat.2020.123939,,420,,NiCo2O4-Au0.44,,,1,1,500,500,500,,,89.43,669.56,25.3,,,,naked,0,ethylene glycol,,,,,,
70,https://doi.org/10.1016/j.jhazmat.2020.123939,,420,,NiCo2O4-Au0.44,,,1,1,500,500,500,,,89.43,669.56,25.3,,,,naked,0,ethylene glycol,,,,,,
71,https://doi.org/10.1016/j.jhazmat.2020.123939,,420,,NiCo2O4-Au0.44,,,1,1,500,500,500,,,89.43,669.56,25.3,,,,naked,0,ethylene glycol,,,,,,
72,https://doi.org/10.1021/cm8031863,,858,,Fe3O4,,,1,1,20,20,20,227,,5.92,15000,0.0435,,,,Dextran,0,0,,,,,,
73,https://doi.org/10.1021/cm8031863,,858,,Fe3O4,,,0.623655914,0.6982758621,310,135,135,227,,7.16,21600,0.0435,,,,Dextran,0,0,,,,,,
74,https://doi.org/10.1021/cm8031863,,858,,Fe3O4,,,0.623655914,0.6982758621,310,135,135,227,,8.42,30800,0.942,,,,Dextran,0,0,,,,,,
75,https://doi.org/10.1039/C6RA00963H,,948,,Fe2O3,,,1,1,35,35,35,227,,83.63,0,0,,,,naked,0,ethylenediamine,,,,,,
76,https://doi.org/10.1039/C6RA00963H,,948,,Fe2O3,,,1,1,35,35,35,227,,89.2,0,0,,,,naked,0,ethylenediamine,,,,,,
77,https://doi.org/10.1021/acs.chemmater.6b04283,,928,,Pd@Fe2O3,,,1,1,70,70,70,,,41.34,0,27,,,,poly(ethylene oxide),oleic acid,trimethylamine N-oxide,,,,,,
78,https://doi.org/10.1021/acs.chemmater.6b04283,,928,,Pd@Fe2O3,,,1,1,70,70,70,,,41.34,0,27,,,,poly(ethylene oxide),oleic acid,trimethylamine N-oxide,,,,,,
79,https://doi.org/10.1021/acs.chemmater.6b04283,,928,,Pd@Fe2O3,,,1,1,70,70,70,,,41.34,0,27,,,,poly(ethylene oxide),oleic acid,trimethylamine N-oxide,,,,,,
80,https://doi.org/10.1016/j.surfin.2021.101109,,,,Cu-CuFe2O4,,,1,1,7,7,7,227,,28.4,16.83,0.212,,,,sodium dodecyl benzenesulphonate,0,0,,,,,,
81,https://doi.org/10.1016/j.surfin.2021.101109,,,,Cu-CuFe2O4,,,1,1,7,7,7,227,,7.2,6.11,0.212,,,,sodium dodecyl benzenesulphonate,0,0,,,,,,
82,https://doi.org/10.1016/j.jallcom.2022.167241,,540,,Ni1Fe2O4,,,1,1,70,70,70,,sphere,44.42,0,0,,,0,,,,2.096,0,0,174.7,0.276,16
83,https://doi.org/10.1016/j.jallcom.2022.167241,,650,,Ni0.5Zn0.5Fe2O4,,,1,1,83,83,83,227,sphere,77.1,0,0,,,0,,,,1.894,0,0,174.7,0.276,23
84,https://doi.org/10.1016/j.matchemphys.2022.126859,,858,,Fe1Fe2O4,,,1,1,35,35,35,227,sphere,66,0,0,,Au1,0,,,,2.391,0,0,168,0.101,4.7
85,https://doi.org/10.1016/j.matchemphys.2022.126859,,858,,Fe1Fe2O4,,,1,1,35,35,35,227,sphere,66,0,0,,Au1,0,,,,2.391,0,0,168,0.234,10.4
86,https://doi.org/10.1016/j.matchemphys.2022.126859,,858,,Fe1Fe2O4,,,1,1,35,35,35,227,sphere,66,0,0,,Au1,0,,,,2.391,0,0,168,0.359,16
87,https://doi.org/10.1016/j.matchemphys.2022.126859,,858,,Fe1Fe2O4,,,1,1,35,35,35,227,sphere,66,0,0,,Au1,0,,,,2.391,0,0,168,0.405,17
88,https://doi.org/10.1016/j.matchemphys.2022.126859,,858,,Fe1Fe2O4,,,1,1,35,35,35,227,sphere,66,0,0,,Au1,0,,,,2.391,0,0,80,0.405,1.7
89,https://doi.org/10.1016/j.matchemphys.2022.126859,,858,,Fe1Fe2O4,,,1,1,35,35,35,227,sphere,66,0,0,,Au1,0,,,,2.391,0,0,100,0.405,3.7
90,https://doi.org/10.1016/j.matchemphys.2022.126859,,858,,Fe1Fe2O4,,,1,1,35,35,35,227,sphere,66,0,0,,Au1,0,,,,2.391,0,0,120,0.405,8.4
91,https://doi.org/10.1016/j.matchemphys.2022.126859,,858,,Fe1Fe2O4,,,1,1,35,35,35,227,sphere,66,0,0,,Au1,0,,,,2.391,0,0,120,0.405,13
92,https://doi.org/10.1021/acsomega.0c03332,280,520,,Co1Fe2O4,,,1,1,12,12,12,141,sphere,81.11,0,0,,,0,,,,2.246,0,0,440,0.35,249
93,https://doi.org/10.1021/acsomega.0c03332,280,520,,Co1Fe2O4,,,1,1,12,12,12,141,sphere,81.11,0,0,,,0,,,,2.246,0,0,440,0.35,161
94,https://doi.org/10.1021/acsomega.0c03332,280,520,,Co1Fe2O4,,,1,1,12,12,12,141,sphere,81.11,0,0,,,0,,,,2.246,0,0,440,0.35,133
95,https://doi.org/10.1021/acsomega.0c03332,280,520,,Co1Fe2O4,,,1,1,12,12,12,141,sphere,81.11,0,0,,,0,,,,2.246,0,0,440,0.35,120
96,https://doi.org/10.1021/acsomega.0c03332,280,520,,Co1Fe2O4,,,1,1,12,12,12,141,sphere,81.11,0,0,,,0,,,,2.246,0,0,440,0.35,118
97,https://doi.org/10.1021/acsomega.0c03332,280,520,,Co1Fe2O4,,,1,1,12,12,12,141,sphere,76.9,0,0,,oleic acid,0,,,,2.246,6.109,1,440,0.35,213
98,https://doi.org/10.1021/acsomega.0c03332,280,520,,Co1Fe2O4,,,1,1,12,12,12,141,sphere,76.9,0,0,,oleic acid,0,,,,2.246,6.109,1,440,0.35,140
99,https://doi.org/10.1021/acsomega.0c03332,280,520,,Co1Fe2O4,,,1,1,12,12,12,141,sphere,76.9,0,0,,oleic acid,0,,,,2.246,6.109,1,440,0.35,117
100,https://doi.org/10.1021/acsomega.0c03332,280,520,,Co1Fe2O4,,,1,1,12,12,12,141,sphere,76.9,0,0,,oleic acid,0,,,,2.246,6.109,1,440,0.35,105
101,https://doi.org/10.1021/acsomega.0c03332,280,520,,Co1Fe2O4,,,1,1,12,12,12,141,sphere,76.9,0,0,,oleic acid,0,,,,2.246,6.109,1,440,0.35,104
102,https://doi.org/10.1016/j.materresbull.2022.112035,,858,,Fe1Fe2O4,,,1,1,17,17,17,227,sphere,59,0,0,,,0,,,,2.391,0,0,138,0.322,51
103,https://doi.org/10.1016/j.materresbull.2022.112035,,858,,Fe1Fe2O4,,,1,1,17,17,17,227,sphere,59,0,0,,,0,,,,2.391,0,0,138,0.322,47
104,https://doi.org/10.1016/j.materresbull.2022.112035,,858,,Fe1Fe2O4,,,1,1,17,17,17,227,sphere,59,0,0,,,0,,,,2.391,0,0,138,0.322,42
105,https://doi.org/10.1016/j.materresbull.2022.112035,,858,,Fe1Fe2O4,,,1,1,17,17,17,227,sphere,59,0,0,,,0,,,,2.391,0,0,138,0.322,36
106,https://doi.org/10.1016/j.materresbull.2022.112035,,858,,Fe1Fe2O4,,,1,1,17,17,17,227,sphere,59,0,0,,,0,,,,2.391,0,0,138,0.322,30
107,https://doi.org/10.1016/j.materresbull.2022.112035,,858,,Fe1Fe2O4,,,1,1,17,17,17,227,sphere,59,0,0,,,0,,,,2.391,0,0,188,0.32,66
108,https://doi.org/10.1016/j.materresbull.2022.112035,,858,,Fe1Fe2O4,,,1,1,17,17,17,227,sphere,59,0,0,,,0,,,,2.391,0,0,188,0.32,61
109,https://doi.org/10.1016/j.materresbull.2022.112035,,858,,Fe1Fe2O4,,,1,1,17,17,17,227,sphere,59,0,0,,,0,,,,2.391,0,0,188,0.32,54
110,https://doi.org/10.1016/j.materresbull.2022.112035,,858,,Fe1Fe2O4,,,1,1,17,17,17,227,sphere,59,0,0,,,0,,,,2.391,0,0,188,0.32,46
111,https://doi.org/10.1016/j.materresbull.2022.112035,,858,,Fe1Fe2O4,,,1,1,17,17,17,227,sphere,59,0,0,,,0,,,,2.391,0,0,188,0.32,40
112,https://doi.org/10.1016/j.materresbull.2022.112035,,858,,Fe1Fe2O4,,,1,1,17,17,17,227,sphere,59,0,0,,,0,,,,2.391,0,0,239,0.318,83
113,https://doi.org/10.1016/j.materresbull.2022.112035,,858,,Fe1Fe2O4,,,1,1,17,17,17,227,sphere,59,0,0,,,0,,,,2.391,0,0,239,0.318,78
114,https://doi.org/10.1016/j.materresbull.2022.112035,,858,,Fe1Fe2O4,,,1,1,17,17,17,227,sphere,59,0,0,,,0,,,,2.391,0,0,239,0.318,70
115,https://doi.org/10.1016/j.materresbull.2022.112035,,858,,Fe1Fe2O4,,,1,1,17,17,17,227,sphere,59,0,0,,,0,,,,2.391,0,0,239,0.318,59
116,https://doi.org/10.1016/j.materresbull.2022.112035,,858,,Fe1Fe2O4,,,1,1,17,17,17,227,sphere,59,0,0,,,0,,,,2.391,0,0,239,0.318,50
117,https://doi.org/10.1016/j.materresbull.2022.112035,,858,,Fe1Fe2O4,,,1,1,17,17,17,227,sphere,59,0,0,,,0,,,,2.391,0,0,289,0.316,102
118,https://doi.org/10.1016/j.materresbull.2022.112035,,858,,Fe1Fe2O4,,,1,1,17,17,17,227,sphere,59,0,0,,,0,,,,2.391,0,0,289,0.316,94
119,https://doi.org/10.1016/j.materresbull.2022.112035,,858,,Fe1Fe2O4,,,1,1,17,17,17,227,sphere,59,0,0,,,0,,,,2.391,0,0,289,0.316,83
120,https://doi.org/10.1016/j.materresbull.2022.112035,,858,,Fe1Fe2O4,,,1,1,17,17,17,227,sphere,59,0,0,,,0,,,,2.391,0,0,289,0.316,74
121,https://doi.org/10.1016/j.materresbull.2022.112035,,858,,Fe1Fe2O4,,,1,1,17,17,17,227,sphere,59,0,0,,,0,,,,2.391,0,0,289,0.316,64
122,https://doi.org/10.1016/j.materresbull.2022.112035,,858,,Fe1Fe2O4,,,1,1,17,17,17,227,sphere,59,0,0,,,0,,,,2.391,0,0,339,0.314,122
123,https://doi.org/10.1016/j.materresbull.2022.112035,,858,,Fe1Fe2O4,,,1,1,17,17,17,227,sphere,59,0,0,,,0,,,,2.391,0,0,339,0.314,110
124,https://doi.org/10.1016/j.materresbull.2022.112035,,858,,Fe1Fe2O4,,,1,1,20,20,20,227,sphere,59,0,0,,,0,,,,2.391,0,0,339,0.314,99
125,https://doi.org/10.1016/j.materresbull.2022.112035,,858,,Fe1Fe2O4,,,1,1,20,20,20,227,sphere,59,0,0,,,0,,,,2.391,0,0,339,0.314,88
126,https://doi.org/10.1016/j.materresbull.2022.112035,,858,,Fe1Fe2O4,,,1,1,20,20,20,227,sphere,59,0,0,,,0,,,,2.391,0,0,339,0.314,77
127,https://doi.org/10.1016/j.materresbull.2022.112035,,858,,Fe1Fe2O4,,,1,1,20,20,20,227,sphere,59,0,0,,,0,,,,2.391,0,0,390,0.313,144
128,https://doi.org/10.1016/j.materresbull.2022.112035,,858,,Fe1Fe2O4,,,1,1,20,20,20,227,sphere,59,0,0,,,0,,,,2.391,0,0,390,0.313,130
129,https://doi.org/10.1016/j.materresbull.2022.112035,,858,,Fe1Fe2O4,,,1,1,20,20,20,227,sphere,59,0,0,,,0,,,,2.391,0,0,390,0.313,116
130,https://doi.org/10.1016/j.materresbull.2022.112035,,858,,Fe1Fe2O4,,,1,1,20,20,20,227,sphere,59,0,0,,,0,,,,2.391,0,0,390,0.313,103
131,https://doi.org/10.1016/j.materresbull.2022.112035,,858,,Fe1Fe2O4,,,1,1,20,20,20,227,sphere,59,0,0,,,0,,,,2.391,0,0,390,0.313,92
132,https://doi.org/10.1016/j.materresbull.2022.112035,,858,,Fe1Fe2O4,,,1,1,20,20,20,227,sphere,59,0,0,,,0,,,,2.391,0,0,440,0.312,166
133,https://doi.org/10.1016/j.materresbull.2022.112035,,858,,Fe1Fe2O4,,,1,1,20,20,20,227,sphere,59,0,0,,,0,,,,2.391,0,0,440,0.312,148
134,https://doi.org/10.1016/j.materresbull.2022.112035,,858,,Fe1Fe2O4,,,1,1,20,20,20,227,sphere,59,0,0,,,0,,,,2.391,0,0,440,0.312,133
135,https://doi.org/10.1016/j.materresbull.2022.112035,,858,,Fe1Fe2O4,,,1,1,20,20,20,227,sphere,59,0,0,,,0,,,,2.391,0,0,440,0.312,121
136,https://doi.org/10.1016/j.materresbull.2022.112035,,858,,Fe1Fe2O4,,,1,1,20,20,20,227,sphere,59,0,0,,,0,,,,2.391,0,0,440,0.312,106
137,https://doi.org/10.1007/s11051-022-05596-z,,858,,Fe1Fe2O4,,,1,1,20,20,20,227,sphere,65.1,0,0,,,0,,,,2.391,0,0,200,0.45,24
138,https://doi.org/10.1007/s11051-022-05596-z,,858,,Fe1Fe2O4,,,1,1,20,20,20,227,sphere,65.1,0,0,,,0,,,,2.391,0,0,200,0.45,39
139,https://doi.org/10.1007/s11051-022-05596-z,,858,,Fe1Fe2O4,,,1,1,20,20,20,227,sphere,65.1,0,0,,,0,,,,2.391,0,0,200,0.45,51
140,https://doi.org/10.1007/s11051-022-05596-z,,858,,Fe1Fe2O4,,,1,1,20,20,20,227,sphere,65.1,0,0,,,0,,,,2.391,0,0,200,0.45,97
141,https://doi.org/10.1007/s11051-022-05596-z,,858,,Fe1Fe2O4,,,1,1,20,20,20,227,sphere,67,0,0,,,0,,,,2.391,0,0,200,0.45,22
142,https://doi.org/10.1007/s11051-022-05596-z,,858,,Fe1Fe2O4,,,1,1,20,20,20,227,sphere,67,0,0,,,0,,,,2.391,0,0,200,0.45,30
143,https://doi.org/10.1007/s11051-022-05596-z,,858,,Fe1Fe2O4,,,1,1,20,20,20,227,sphere,67,0,0,,,0,,,,2.391,0,0,200,0.45,53
144,https://doi.org/10.1007/s11051-022-05596-z,,858,,Fe1Fe2O4,,,1,1,20,20,20,227,sphere,67,0,0,,,0,,,,2.391,0,0,200,0.45,65
145,https://doi.org/10.1007/s11051-022-05596-z,,858,,Fe1Fe2O4,,,1,1,20,20,20,227,sphere,68.1,0,0,,,0,,,,2.391,0,0,200,0.45,26
146,https://doi.org/10.1007/s11051-022-05596-z,,858,,Fe1Fe2O4,,,1,1,20,20,20,227,sphere,68.1,0,0,,,0,,,,2.391,0,0,200,0.45,44
147,https://doi.org/10.1007/s11051-022-05596-z,,858,,Fe1Fe2O4,,,1,1,20,20,20,227,sphere,68.1,0,0,,,0,,,,2.391,0,0,200,0.45,48
148,https://doi.org/10.1007/s11051-022-05596-z,,858,,Fe1Fe2O4,,,1,1,20,20,20,227,sphere,68.1,0,0,,,0,,,,2.391,0,0,200,0.45,28
149,https://doi.org/10.1016/j.ceramint.2022.07.291,19.2,800,,Zn0.1Mn0.9Fe2O4,,,1,1,19.8,19.8,19.8,227,cubic,46.5,0,0,,,0,,,,2.453,0,0,416,0.126,132
150,https://doi.org/10.1016/j.ceramint.2022.07.291,19.2,800,,Zn0.1Mn0.9Fe2O4,,,1,1,19.8,19.8,19.8,227,cubic,46.5,0,0,,,0,,,,2.453,0,0,391,0.126,129
151,https://doi.org/10.1016/j.ceramint.2022.07.291,19.2,800,,Zn0.1Mn0.9Fe2O4,,,1,1,19.8,19.8,19.8,227,cubic,46.5,0,0,,,0,,,,2.453,0,0,358,0.126,125
152,https://doi.org/10.1016/j.ceramint.2022.07.291,19.2,800,,Zn0.1Mn0.9Fe2O4,,,1,1,19.8,19.8,19.8,227,cubic,46.5,0,0,,,0,,,,2.453,0,0,323,0.126,121
153,https://doi.org/10.1016/j.ceramint.2022.07.291,31.1,800,,Zn0.2Mn0.8Fe2O4,,,1,1,16.7,16.7,16.7,227,cubic,51.2,0,0,,,0,,,,2.368,0,0,416,0.126,70.5
154,https://doi.org/10.1016/j.ceramint.2022.07.291,31.1,800,,Zn0.2Mn0.8Fe2O4,,,1,1,16.7,16.7,16.7,227,cubic,51.2,0,0,,,0,,,,2.368,0,0,391,0.126,66.8
155,https://doi.org/10.1016/j.ceramint.2022.07.291,31.1,800,,Zn0.2Mn0.8Fe2O4,,,1,1,16.7,16.7,16.7,227,cubic,51.2,0,0,,,0,,,,2.368,0,0,358,0.126,65.2
156,https://doi.org/10.1016/j.ceramint.2022.07.291,31.1,800,,Zn0.2Mn0.8Fe2O4,,,1,1,16.7,16.7,16.7,227,cubic,51.2,0,0,,,0,,,,2.368,0,0,323,0.126,63.6
157,https://doi.org/10.1016/j.ceramint.2022.07.291,54.6,800,,Zn0.3Mn0.7Fe2O4,,,1,1,13.1,13.1,13.1,227,cubic,52.3,0,0,,,0,,,,2.283,0,0,416,0.126,24
158,https://doi.org/10.1016/j.ceramint.2022.07.291,54.6,800,,Zn0.3Mn0.7Fe2O4,,,1,1,13.1,13.1,13.1,227,cubic,52.3,0,0,,,0,,,,2.283,0,0,391,0.126,22.9
159,https://doi.org/10.1016/j.ceramint.2022.07.291,54.6,800,,Zn0.3Mn0.7Fe2O4,,,1,1,13.1,13.1,13.1,227,cubic,52.3,0,0,,,0,,,,2.283,0,0,358,0.126,22.5
160,https://doi.org/10.1016/j.ceramint.2022.07.291,54.6,800,,Zn0.3Mn0.7Fe2O4,,,1,1,13.1,13.1,13.1,227,cubic,52.3,0,0,,,0,,,,2.283,0,0,323,0.126,21.5
161,https://doi.org/10.1016/j.ceramint.2022.07.291,62.1,800,,Zn0.4Mn0.6Fe2O4,,,1,1,12.2,12.2,12.2,227,cubic,52.3,0,0,,,0,,,,2.199,0,0,416,0.126,17.5
162,https://doi.org/10.1016/j.ceramint.2022.07.291,62.1,800,,Zn0.4Mn0.6Fe2O4,,,1,1,12.2,12.2,12.2,227,cubic,52.3,0,0,,,0,,,,2.199,0,0,391,0.126,16.3
163,https://doi.org/10.1016/j.ceramint.2022.07.291,62.1,800,,Zn0.4Mn0.6Fe2O4,,,1,1,12.2,12.2,12.2,227,cubic,52.3,0,0,,,0,,,,2.199,0,0,358,0.126,16
164,https://doi.org/10.1016/j.ceramint.2022.07.291,62.1,800,,Zn0.4Mn0.6Fe2O4,,,1,1,12.2,12.2,12.2,227,cubic,52.3,0,0,,,0,,,,2.199,0,0,323,0.126,15.5
165,https://doi.org/10.1016/j.ceramint.2022.07.291,65.6,800,,Zn0.5Mn0.5Fe2O4,,,1,1,11.3,11.3,11.3,227,cubic,56.6,0,0,,,0,,,,2.114,0,0,416,0.126,9.3
166,https://doi.org/10.1016/j.ceramint.2022.07.291,65.6,800,,Zn0.5Mn0.5Fe2O4,,,1,1,11.3,11.3,11.3,227,cubic,56.6,0,0,,,0,,,,2.114,0,0,391,0.126,8.3
167,https://doi.org/10.1016/j.ceramint.2022.07.291,65.6,800,,Zn0.5Mn0.5Fe2O4,,,1,1,11.3,11.3,11.3,227,cubic,56.6,0,0,,,0,,,,2.114,0,0,358,0.126,7.9
168,https://doi.org/10.1016/j.ceramint.2022.07.291,65.6,800,,Zn0.5Mn0.5Fe2O4,,,1,1,11.3,11.3,11.3,227,cubic,56.6,0,0,,,0,,,,2.114,0,0,323,0.126,6.9
169,https://doi.org/10.1016/j.ceramint.2022.07.291,71.3,800,,Zn0.6Mn0.4Fe2O4,,,1,1,10.3,10.3,10.3,227,cubic,46.2,0,0,,,0,,,,2.03,0,0,416,0.126,6.5
170,https://doi.org/10.1016/j.ceramint.2022.07.291,71.3,800,,Zn0.6Mn0.4Fe2O4,,,1,1,10.3,10.3,10.3,227,cubic,46.2,0,0,,,0,,,,2.03,0,0,391,0.126,6.4
171,https://doi.org/10.1016/j.ceramint.2022.07.291,71.3,800,,Zn0.6Mn0.4Fe2O4,,,1,1,10.3,10.3,10.3,227,cubic,46.2,0,0,,,0,,,,2.03,0,0,358,0.126,6.2
172,https://doi.org/10.1016/j.ceramint.2022.07.291,71.3,800,,Zn0.6Mn0.4Fe2O4,,,1,1,10.3,10.3,10.3,227,cubic,46.2,0,0,,,0,,,,2.03,0,0,323,0.126,5.8
173,https://doi.org/10.1016/j.ceramint.2022.07.291,61.9,800,,Zn0.7Mn0.3Fe2O4,,,1,1,8.8,8.8,8.8,227,cubic,40.1,0,0,,,0,,,,1.945,0,0,416,0.126,3
174,https://doi.org/10.1016/j.ceramint.2022.07.291,61.9,800,,Zn0.7Mn0.3Fe2O4,,,1,1,8.8,8.8,8.8,227,cubic,40.1,0,0,,,0,,,,1.945,0,0,391,0.126,2.8
175,https://doi.org/10.1016/j.ceramint.2022.07.291,61.9,800,,Zn0.7Mn0.3Fe2O4,,,1,1,8.8,8.8,8.8,227,cubic,40.1,0,0,,,0,,,,1.945,0,0,358,0.126,2.6
176,https://doi.org/10.1016/j.ceramint.2022.07.291,61.9,800,,Zn0.7Mn0.3Fe2O4,,,1,1,8.8,8.8,8.8,227,cubic,40.1,0,0,,,0,,,,1.945,0,0,323,0.126,2.2
177,https://doi.org/10.1016/j.ceramint.2022.07.291,54.8,800,,Zn0.8Mn0.2Fe2O4,,,1,1,8.9,8.9,8.9,227,cubic,27.9,0,0,,,0,,,,1.861,0,0,416,0.126,1.8
178,https://doi.org/10.1016/j.ceramint.2022.07.291,54.8,800,,Zn0.8Mn0.2Fe2O4,,,1,1,8.9,8.9,8.9,227,cubic,27.9,0,0,,,0,,,,1.861,0,0,391,0.126,1.4
179,https://doi.org/10.1016/j.ceramint.2022.07.291,54.8,800,,Zn0.8Mn0.2Fe2O4,,,1,1,8.9,8.9,8.9,227,cubic,27.9,0,0,,,0,,,,1.861,0,0,358,0.126,1.2
180,https://doi.org/10.1016/j.ceramint.2022.07.291,54.8,800,,Zn0.8Mn0.2Fe2O4,,,1,1,8.9,8.9,8.9,227,cubic,27.9,0,0,,,0,,,,1.861,0,0,323,0.126,0.9
181,https://doi.org/10.1016/j.ceramint.2022.07.291,57.1,800,,Zn0.9Mn0.1Fe2O4,,,1,1,8.2,8.2,8.2,227,cubic,19.4,0,0,,,0,,,,1.776,0,0,416,0.126,1.8
182,https://doi.org/10.1016/j.ceramint.2022.07.291,57.1,800,,Zn0.9Mn0.1Fe2O4,,,1,1,8.2,8.2,8.2,227,cubic,19.4,0,0,,,0,,,,1.776,0,0,391,0.126,1.5
183,https://doi.org/10.1016/j.ceramint.2022.07.291,57.1,800,,Zn0.9Mn0.1Fe2O4,,,1,1,8.2,8.2,8.2,227,cubic,19.4,0,0,,,0,,,,1.776,0,0,358,0.126,1.1
184,https://doi.org/10.1016/j.ceramint.2022.07.291,57.1,800,,Zn0.9Mn0.1Fe2O4,,,1,1,8.2,8.2,8.2,227,cubic,19.4,0,0,,,0,,,,1.776,0,0,323,0.126,0.6
185,https://doi.org/10.1016/j.jmmm.2022.169597,25.6,858,0.21,Fe1Fe2O4,,,1,1,13.97,13.97,13.97,227,sphere,70.6,22.4,2.6,,,0,,,,2.391,0,0,162,0.337,172
186,https://doi.org/10.1016/j.jmmm.2022.169597,25.6,858,0.21,Fe1Fe2O4,,,1,1,13.97,13.97,13.97,227,sphere,70.6,22.4,2.6,,,0,,,,2.391,0,0,162,0.337,124
187,https://doi.org/10.1016/j.jmmm.2022.169597,25.6,858,0.21,Fe1Fe2O4,,,1,1,13.97,13.97,13.97,227,sphere,70.6,22.4,2.6,,,0,,,,2.391,0,0,162,0.337,178
188,https://doi.org/10.1016/j.jmmm.2022.169597,29.1,,,Tb0.22Fe0.78Fe2O4,,,1,1,14.14,14.14,14.14,227,sphere,46.3,6.49,0.46,,,0,,,,2.542,0,0,162,0.337,337.5
189,https://doi.org/10.1016/j.jmmm.2022.169597,29.1,,,Tb0.22Fe0.78Fe2O4,,,1,1,14.14,14.14,14.14,227,sphere,46.3,6.49,0.46,,,0,,,,2.542,0,0,162,0.337,203
190,https://doi.org/10.1016/j.jmmm.2022.169597,29.1,,,Tb0.22Fe0.78Fe2O4,,,1,1,14.14,14.14,14.14,227,sphere,46.3,6.49,0.46,,,0,,,,2.542,0,0,162,0.337,196.8
191,https://doi.org/10.1016/j.jmmm.2022.169597,32.6,,,Tb0.5Fe0.5Fe2O4,,,1,1,18.12,18.12,18.12,227,sphere,51.7,8.12,1.34,,,0,,,,2.734,0,0,162,0.337,387.3
192,https://doi.org/10.1016/j.jmmm.2022.169597,32.6,,,Tb0.5Fe0.5Fe2O4,,,1,1,18.12,18.12,18.12,227,sphere,51.7,8.12,1.34,,,0,,,,2.734,0,0,162,0.337,268
193,https://doi.org/10.1016/j.jmmm.2022.169597,32.6,,,Tb0.5Fe0.5Fe2O4,,,1,1,18.12,18.12,18.12,227,sphere,51.7,8.12,1.34,,,0,,,,2.734,0,0,162,0.337,295
194,https://doi.org/10.1016/j.jmmm.2022.169597,66.1,,,Tb0.75Fe0.25Fe2O4,,,1,1,22.46,22.46,22.46,227,sphere,96.1,10.12,1.61,,,0,,,,2.906,0,0,162,0.337,649
195,https://doi.org/10.1016/j.jmmm.2022.169597,66.1,,,Tb0.75Fe0.25Fe2O4,,,1,1,22.46,22.46,22.46,227,sphere,96.1,10.12,1.61,,,0,,,,2.906,0,0,162,0.337,320
196,https://doi.org/10.1016/j.jmmm.2022.169597,66.1,,,Tb0.75Fe0.25Fe2O4,,,1,1,22.46,22.46,22.46,227,sphere,96.1,10.12,1.61,,,0,,,,2.906,0,0,162,0.337,246
197,https://doi.org/10.1016/j.ceramint.2022.06.104,,520,,Co1Fe2O4,,,1,1,11,11,11,227,,49.18,64.3,7.6,,,0,,,,2.246,0,0,21.5,0.092,0.21
198,https://doi.org/10.1016/j.ceramint.2022.06.104,,520,,Co1Fe2O4,,,1,1,11,11,11,227,,49.18,64.3,7.6,,,0,,,,2.246,0,0,27,0.092,0.39
199,https://doi.org/10.1016/j.ceramint.2022.06.104,,520,,Co1Fe2O4,,,1,1,11,11,11,227,,49.18,64.3,7.6,,,0,,,,2.246,0,0,33.3,0.092,0.41
200,https://doi.org/10.1016/j.ceramint.2022.06.104,,520,,Co1Fe2O4,,,1,1,7.7,7.7,7.7,227,,61.51,55.6,9.25,,TEG,0,,,,2.246,0,0,21.5,0.092,0.26
201,https://doi.org/10.1016/j.ceramint.2022.06.104,,520,,Co1Fe2O4,,,1,1,7.7,7.7,7.7,227,,61.51,55.6,9.25,,TEG,0,,,,2.246,0,0,27,0.092,0.49
202,https://doi.org/10.1016/j.ceramint.2022.06.104,,520,,Co1Fe2O4,,,1,1,7.7,7.7,7.7,227,,61.51,55.6,9.25,,TEG,0,,,,2.246,0,0,33.3,0.092,0.6
203,https://doi.org/10.1016/j.bioadv.2022.213021,1.7,858,,Fe1Fe2O4,,,1,1,42.2,42.2,42.2,227,,26.8,68,6.7,,,0,,,,2.391,0,0,175,0.335,138.8
204,https://doi.org/10.1016/j.bioadv.2022.213021,0.35,858,,Fe1Fe2O4,,,1,1,38.9,38.9,38.9,227,,49.8,57.3,7,,,0,,,,2.391,0,0,150,0.335,132.3
205,https://doi.org/10.1016/j.bioadv.2022.213021,0.35,858,,Fe1Fe2O4,,,1,1,38.9,38.9,38.9,227,,49.8,57.3,7,,,0,,,,2.391,0,0,175,0.335,211.5
206,https://doi.org/10.1016/j.bioadv.2022.213021,0.35,858,,Fe1Fe2O4,,,0.698019802,0.5673758865,50.5,20,,227,,73.9,130,20.2,,,1,,,,2.391,0,0,150,0.335,142.7
207,https://doi.org/10.1016/j.bioadv.2022.213021,0.55,858,,Fe1Fe2O4,,,0.698019802,0.5673758865,50.5,20,,227,,73.9,130,20.2,,,1,,,,2.391,0,0,175,0.335,245.3
208,https://doi.org/10.1016/j.bioadv.2022.213021,0.4,858,,Fe1Fe2O4,,,1,1,46.2,46.2,46.2,227,,84,7.2,1.9,,,0,,,,2.391,0,0,150,0.335,170
209,https://doi.org/10.1016/j.bioadv.2022.213021,0.4,858,,Fe1Fe2O4,,,1,1,46.2,46.2,46.2,227,,84,7.2,1.9,,,0,,,,2.391,0,0,175,0.335,248.7
210,https://doi.org/10.1016/j.matchemphys.2022.126295,,655,,Mg0.1Mn0.9Fe2O4,,,1,1,13,13,13,227,cubic,63.98,0,0,,,0,,,,2.453,0,0,408,0.316,63.67
211,https://doi.org/10.1016/j.matchemphys.2022.126295,,655,,Mg0.1Mn0.9Fe2O4,,,1,1,13,13,13,227,cubic,63.98,0,0,,,0,,,,2.453,0,0,408,0.316,51.16
212,https://doi.org/10.1016/j.matchemphys.2022.126295,,655,,Mg0.3Mn0.7Fe2O4,,,1,1,14,14,14,227,cubic,75.96,0,0,,,0,,,,2.283,0,0,408,0.316,108.37
213,https://doi.org/10.1016/j.matchemphys.2022.126295,,655,,Mg0.3Mn0.7Fe2O4,,,1,1,14,14,14,227,cubic,75.96,0,0,,,0,,,,2.283,0,0,408,0.316,102.81
214,https://doi.org/10.1016/j.matchemphys.2022.126295,,655,,Mg0.4Mn0.6Fe2O4,,,1,1,12,12,12,227,cubic,65.88,0,0,,,0,,,,2.199,0,0,408,0.316,97.58
215,https://doi.org/10.1016/j.matchemphys.2022.126295,,655,,Mg0.4Mn0.6Fe2O4,,,1,1,12,12,12,227,cubic,65.88,0,0,,,0,,,,2.199,0,0,408,0.316,75.59
216,https://doi.org/10.1016/j.matchemphys.2022.126295,,655,,Mg0.5Mn0.5Fe2O4,,,1,1,11,11,11,227,cubic,60.08,0,0,,,0,,,,2.114,0,0,408,0.316,45.08
217,https://doi.org/10.1016/j.matchemphys.2022.126295,,655,,Mg0.5Mn0.5Fe2O4,,,1,1,11,11,11,227,cubic,60.08,0,0,,,0,,,,2.114,0,0,408,0.316,50.73
218,https://doi.org/10.1007/s11664-022-09678-5,11,858,,Fe1Fe2O4,,,1,1,7.3,7.3,7.3,227,,57,0,0,,citric acid,0,,,,2.391,-1.248,4,1000,0.087,144.6
219,https://doi.org/10.1007/s11664-022-09678-5,11,858,,Fe1Fe2O4,,,1,1,7.3,7.3,7.3,227,,57,0,0,,citric acid,0,,,,2.391,-1.248,4,1000,0.256,124.2
220,https://doi.org/10.1007/s11664-022-09678-5,11,858,,Fe1Fe2O4,,,1,1,7.3,7.3,7.3,227,,57,0,0,,citric acid,0,,,,2.391,-1.248,4,1000,0.34,114.9
221,https://doi.org/10.1007/s11664-022-09678-5,11,858,,Fe1Fe2O4,,,1,1,7,7,7,227,,43,0,0,,citric acid,0,,,,2.391,-1.248,4,1000,0.087,158.2
222,https://doi.org/10.1007/s11664-022-09678-5,11,858,,Fe1Fe2O4,,,1,1,7,7,7,227,,43,0,0,,citric acid,0,,,,2.391,-1.248,4,1000,0.256,136.8
223,https://doi.org/10.1007/s11664-022-09678-5,11,858,,Fe1Fe2O4,,,1,1,7,7,7,227,,43,0,0,,citric acid,0,,,,2.391,-1.248,4,1000,0.34,123.6
224,https://doi.org/10.1007/s11664-022-09678-5,11,858,,Fe1Fe2O4,,,1,1,6.9,6.9,6.9,227,,40,0,0,,citric acid,0,,,,2.391,-1.248,4,1000,0.087,179.8
225,https://doi.org/10.1007/s11664-022-09678-5,11,858,,Fe1Fe2O4,,,1,1,6.9,6.9,6.9,227,,40,0,0,,citric acid,0,,,,2.391,-1.248,4,1000,0.256,151.4
226,https://doi.org/10.1007/s11664-022-09678-5,11,858,,Fe1Fe2O4,,,1,1,6.9,6.9,6.9,227,,40,0,0,,citric acid,0,,,,2.391,-1.248,4,1000,0.034,130.1
227,https://doi.org/10.1016/j.jmmm.2022.169282,200,520,,Co1Fe2O4,,,1,1,11.96,11.96,11.96,227,,55.4,20,6.2,,folate chitosan,0,,,,2.246,-0.045,9,300,0.342,132
228,https://doi.org/10.1016/j.jmmm.2022.169282,200,520,,Co1Fe2O4,,,1,1,11.96,11.96,11.96,227,,55.4,20,6.2,,folate chitosan,0,,,,2.246,-0.045,9,300,0.342,69.6
229,https://doi.org/10.1016/j.jmmm.2022.169282,200,520,,Co1Fe2O4,,,1,1,11.96,11.96,11.96,227,,55.4,20,6.2,,folate chitosan,0,,,,2.246,-0.045,9,300,0.342,58.6
230,https://doi.org/10.1016/j.jmmm.2022.169282,200,520,,Co1Fe2O4,,,1,1,11.96,11.96,11.96,227,,55.4,20,6.2,,folate chitosan,0,,,,2.246,-0.045,9,300,0.342,39.6
231,https://doi.org/10.1016/j.jmmm.2022.169282,200,520,,Co1Fe2O4,,,1,1,11.96,11.96,11.96,227,,55.4,20,6.2,,folate chitosan,0,,,,2.246,-0.045,9,300,0.342,26.2
232,https://doi.org/10.1016/j.jmmm.2019.01.081,4.3,800,,Zn1Fe2O4,,,1,1,19.5,19.5,19.5,227,polyhedral,12.2,0,0,,,0,,,,1.691,0,0,188,0.355,5.6
233,https://doi.org/10.1016/j.jmmm.2019.01.081,4.3,800,,Zn1Fe2O4,,,1,1,19.5,19.5,19.5,227,polyhedral,12.2,0,0,,,0,,,,1.691,0,0,250.8,0.355,7.3
234,https://doi.org/10.1016/j.jmmm.2019.01.081,4.3,800,,Zn1Fe2O4,,,1,1,19.5,19.5,19.5,227,polyhedral,12.2,0,0,,,0,,,,1.691,0,0,313.5,0.355,9.2
235,https://doi.org/10.1016/j.jmmm.2019.01.081,4.3,800,,Zn1Fe2O4,,,1,1,19.5,19.5,19.5,227,polyhedral,12.2,0,0,,,0,,,,1.691,0,0,376.2,0.355,11.8
236,https://doi.org/10.1016/j.jmmm.2019.01.081,4.3,800,,Zn1Fe2O4,,,1,1,19.5,19.5,19.5,227,polyhedral,12.2,0,0,,,0,,,,1.691,0,0,438.9,0.355,12.7
237,https://doi.org/10.1016/j.jmmm.2019.01.081,4.3,800,,Zn1Fe2O4,,,1,1,19.5,19.5,19.5,227,polyhedral,12.2,0,0,,,0,,,,1.691,0,0,501.6,0.355,16.4
238,https://doi.org/10.1016/j.jmmm.2019.01.081,4.3,800,,Zn1Fe2O4,,,1,1,19.5,19.5,19.5,227,polyhedral,12.2,0,0,,,0,,,,1.691,0,0,564.3,0.355,20
239,https://doi.org/10.1016/j.jmmm.2019.01.081,4.3,800,,Zn1Fe2O4,,,1,1,19.5,19.5,19.5,227,polyhedral,12.2,0,0,,,0,,,,1.691,0,0,627,0.355,25.6
240,https://doi.org/10.1016/j.jmmm.2019.01.081,4.3,800,,Zn1Fe2O4,,,1,1,19.5,19.5,19.5,227,polyhedral,12.2,0,0,,,0,,,,1.691,0,0,689.7,0.355,29.4
241,https://doi.org/10.1016/j.jmmm.2019.01.081,4.3,800,,Zn1Fe2O4,,,1,1,19.5,19.5,19.5,227,polyhedral,12.2,0,0,,,0,,,,1.691,0,0,752.4,0.355,38.4
242,https://doi.org/10.1016/j.jmmm.2019.01.081,4.3,800,,Zn1Fe2O4,,,1,1,19.5,19.5,19.5,227,polyhedral,12.2,0,0,,,0,,,,1.691,0,0,815.1,0.355,44
243,https://doi.org/10.1016/j.jmmm.2019.01.081,0.37,800,,Zn1Fe2O4,,,1,1,33.3,33.3,33.3,227,sphere,11,0,0,,,0,,,,1.691,0,0,62.7,0.355,1.3
244,https://doi.org/10.1016/j.jmmm.2019.01.081,0.37,800,,Zn1Fe2O4,,,1,1,33.3,33.3,33.3,227,sphere,11,0,0,,,0,,,,1.691,0,0,125.4,0.355,11
245,https://doi.org/10.1016/j.jmmm.2019.01.081,0.37,800,,Zn1Fe2O4,,,1,1,33.3,33.3,33.3,227,sphere,11,0,0,,,0,,,,1.691,0,0,188.1,0.355,18.8
246,https://doi.org/10.1016/j.jmmm.2019.01.081,0.37,800,,Zn1Fe2O4,,,1,1,33.3,33.3,33.3,227,sphere,11,0,0,,,0,,,,1.691,0,0,250.8,0.355,27.8
247,https://doi.org/10.1016/j.jmmm.2019.01.081,0.37,800,,Zn1Fe2O4,,,1,1,33.3,33.3,33.3,227,sphere,11,0,0,,,0,,,,1.691,0,0,313.5,0.355,43.3
248,https://doi.org/10.1016/j.jmmm.2019.01.081,0.37,800,,Zn1Fe2O4,,,1,1,33.3,33.3,33.3,227,sphere,11,0,0,,,0,,,,1.691,0,0,376.2,0.355,50.2
249,https://doi.org/10.1016/j.jmmm.2019.01.081,0.37,800,,Zn1Fe2O4,,,1,1,33.3,33.3,33.3,227,sphere,11,0,0,,,0,,,,1.691,0,0,438.9,0.355,56.2
250,https://doi.org/10.1016/j.jmmm.2019.01.081,0.37,800,,Zn1Fe2O4,,,1,1,33.3,33.3,33.3,227,sphere,11,0,0,,,0,,,,1.691,0,0,501.6,0.355,69.7
251,https://doi.org/10.1016/j.jmmm.2019.01.081,0.37,800,,Zn1Fe2O4,,,1,1,33.3,33.3,33.3,227,sphere,11,0,0,,,0,,,,1.691,0,0,564.3,0.355,84
252,https://doi.org/10.1016/j.jmmm.2019.01.081,0.37,800,,Zn1Fe2O4,,,1,1,33.3,33.3,33.3,227,sphere,11,0,0,,,0,,,,1.691,0,0,627,0.355,87.8
253,https://doi.org/10.1016/j.jmmm.2019.01.081,0.37,800,,Zn1Fe2O4,,,1,1,33.3,33.3,33.3,227,sphere,11,0,0,,,0,,,,1.691,0,0,689.7,0.355,104.5
254,https://doi.org/10.1016/j.jmmm.2019.01.081,0.37,800,,Zn1Fe2O4,,,1,1,33.3,33.3,33.3,227,sphere,11,0,0,,,0,,,,1.691,0,0,752.4,0.355,117.5
255,https://doi.org/10.1016/j.jmmm.2019.01.081,0.37,800,,Zn1Fe2O4,,,1,1,33.3,33.3,33.3,227,sphere,11,0,0,,,0,,,,1.691,0,0,815.1,0.355,122.7
256,https://doi.org/10.1021/acsami.8b22600,296,520,,Co1Fe2O4,,,1,1,10,10,10,227,sphere,76,0.8,43,,N-(trimethoxysilylpropyl)-ethylenediaminetriacetate,0,,,,2.246,-2.85,8,62.7,0.195,9.8
257,https://doi.org/10.1021/acsami.8b22600,296,520,,Co1Fe2O4,,,1,1,10,10,10,227,sphere,76,0.8,43,,N-(trimethoxysilylpropyl)-ethylenediaminetriacetate,0,,,,2.246,-2.85,8,313.5,0.195,31.3
258,https://doi.org/10.1021/acsami.8b22600,296,520,,Co1Fe2O4,,,1,1,10,10,10,227,sphere,76,0.8,43,,N-(trimethoxysilylpropyl)-ethylenediaminetriacetate,0,,,,2.246,-2.85,8,627,0.195,164.3
259,https://doi.org/10.1021/acsami.8b22600,296,520,,Co1Fe2O4,,,1,1,10,10,10,227,sphere,76,0.8,43,,N-(trimethoxysilylpropyl)-ethylenediaminetriacetate,0,,,,2.246,-2.85,8,62.7,0.195,42
260,https://doi.org/10.1021/acsami.8b22600,296,520,,Co1Fe2O4,,,1,1,10,10,10,227,sphere,76,0.8,43,,N-(trimethoxysilylpropyl)-ethylenediaminetriacetate,0,,,,2.246,-2.85,8,313.5,0.195,102.7
261,https://doi.org/10.1021/acsami.8b22600,296,520,,Co1Fe2O4,,,1,1,10,10,10,227,sphere,76,0.8,43,,N-(trimethoxysilylpropyl)-ethylenediaminetriacetate,0,,,,2.246,-2.85,8,627,0.195,311.6
262,https://doi.org/10.1021/acsami.8b22600,4,570,,Mn1Fe2O4,,,1,1,37,37,37,227,sphere,75,0.25,20,,N-(trimethoxysilylpropyl)-ethylenediaminetriacetate,0,,,,2.537,-2.85,8,62.7,0.195,82.1
263,https://doi.org/10.1021/acsami.8b22600,4,570,,Mn1Fe2O4,,,1,1,37,37,37,227,sphere,75,0.25,20,,N-(trimethoxysilylpropyl)-ethylenediaminetriacetate,0,,,,2.537,-2.85,8,313.5,0.195,165.2
264,https://doi.org/10.1021/acsami.8b22600,4,570,,Mn1Fe2O4,,,1,1,37,37,37,227,sphere,75,0.25,20,,N-(trimethoxysilylpropyl)-ethylenediaminetriacetate,0,,,,2.537,-2.85,8,627,0.195,292
265,https://doi.org/10.1021/acsami.8b22600,4,570,,Mn1Fe2O4,,,1,1,37,37,37,227,sphere,75,0.25,20,,N-(trimethoxysilylpropyl)-ethylenediaminetriacetate,0,,,,2.537,-2.85,8,62.7,0.195,76.8
266,https://doi.org/10.1021/acsami.8b22600,4,570,,Mn1Fe2O4,,,1,1,37,37,37,227,sphere,75,0.25,20,,N-(trimethoxysilylpropyl)-ethylenediaminetriacetate,0,,,,2.537,-2.85,8,313.5,0.195,146.4
267,https://doi.org/10.1021/acsami.8b22600,4,570,,Mn1Fe2O4,,,1,1,37,37,37,227,sphere,75,0.25,20,,N-(trimethoxysilylpropyl)-ethylenediaminetriacetate,0,,,,2.537,-2.85,8,627,0.195,210.7
268,https://doi.org/10.1021/acsami.8b22600,7,860,,Ni1Fe2O4,,,1,1,30,30,30,227,sphere,68,0.28,25,,N-(trimethoxysilylpropyl)-ethylenediaminetriacetate,0,,,,2.096,-2.85,8,62.7,0.195,128.6
269,https://doi.org/10.1021/acsami.8b22600,7,860,,Ni1Fe2O4,,,1,1,30,30,30,227,sphere,68,0.28,25,,N-(trimethoxysilylpropyl)-ethylenediaminetriacetate,0,,,,2.096,-2.85,8,313.5,0.195,167.9
270,https://doi.org/10.1021/acsami.8b22600,7,860,,Ni1Fe2O4,,,1,1,30,30,30,227,sphere,68,0.28,25,,N-(trimethoxysilylpropyl)-ethylenediaminetriacetate,0,,,,2.096,-2.85,8,627,0.195,293.8
271,https://doi.org/10.1021/acsami.8b22600,7,860,,Ni1Fe2O4,,,1,1,30,30,30,227,sphere,68,0.28,25,,N-(trimethoxysilylpropyl)-ethylenediaminetriacetate,0,,,,2.096,-2.85,8,62.7,0.195,88.4
272,https://doi.org/10.1021/acsami.8b22600,7,860,,Ni1Fe2O4,,,1,1,30,30,30,227,sphere,68,0.28,25,,N-(trimethoxysilylpropyl)-ethylenediaminetriacetate,0,,,,2.096,-2.85,8,313.5,0.195,150
273,https://doi.org/10.1021/acsami.8b22600,7,860,,Ni1Fe2O4,,,1,1,30,30,30,227,sphere,68,0.28,25,,N-(trimethoxysilylpropyl)-ethylenediaminetriacetate,0,,,,2.096,-2.85,8,627,0.195,188.4
274,https://doi.org/10.1016/j.jallcom.2019.152548,11,858,,Fe1Fe2O4,,,1,1,18.5,18.5,18.5,227,sphere,58.8,7.5,0.6,,triethylene glycol,0,,,,2.391,-0.996,4,238.3,0.12,18.5
275,https://doi.org/10.1016/j.jallcom.2019.152548,62.5,508,,Cu1Fe2O4,,,1,1,19.9,19.9,19.9,141,sphere,53.1,4,0.5,,triethylene glycol,0,,,,1.939,-0.996,4,238.3,0.12,44.9
276,https://doi.org/10.1016/j.jallcom.2019.152548,62.5,508,,Cu1Fe2O4,,,1,1,19.9,19.9,19.9,141,sphere,53.1,4,0.5,,triethylene glycol,0,,,,1.939,-0.996,4,200.6,0.12,38
277,https://doi.org/10.1016/j.jallcom.2019.152548,62.5,508,,Cu1Fe2O4,,,1,1,19.9,19.9,19.9,141,sphere,53.1,4,0.5,,triethylene glycol,0,,,,1.939,-0.996,4,163,0.12,24.8
278,https://doi.org/10.1016/j.matchemphys.2021.124546,,,,Ni0.6Zn0.35Fe0.05Fe2O4,,,1,1,3.6,3.6,3.6,,,30.8,7,0.16,,citric acid,0,,,,1.969,-1.248,4,200,0.519,32.8
279,https://doi.org/10.1016/j.matchemphys.2021.124546,,,,Ni0.6Zn0.35Fe0.05Fe2O4,,,1,1,3.6,3.6,3.6,,,30.8,7,0.16,,citric acid,0,,,,1.969,-1.248,4,200,0.746,34.8
280,https://doi.org/10.1016/j.matchemphys.2021.124546,,,,Ni0.6Zn0.35Fe0.05Fe2O4,,,1,1,4.4,4.4,4.4,,,36.3,27,0.77,,citric acid,0,,,,1.969,-1.248,4,200,0.519,43.6
281,https://doi.org/10.1016/j.matchemphys.2021.124546,,,,Ni0.6Zn0.35Fe0.05Fe2O4,,,1,1,4.4,4.4,4.4,,,36.3,27,0.77,,citric acid,0,,,,1.969,-1.248,4,200,0.746,123.8
282,https://doi.org/10.1021/acsabm.1c00040,11,858,,Fe1Fe2O4,,,0.8214285714,0.7826086957,70,45,,227,rod,86.4,120,20,,oleic acid,1,,,,2.391,6.109,1,600,0.4,3955
283,https://doi.org/10.1021/acsabm.1c00040,11,858,,Fe1Fe2O4,,,0.8214285714,0.7826086957,70,45,,227,rod,86.4,120,20,,oleic acid,1,,,,2.391,6.109,1,400,0.4,3499
284,https://doi.org/10.1021/acsabm.1c00040,11,858,,Fe1Fe2O4,,,0.6428571429,0.4444444444,210,60,,227,rod,86.4,120,20,,oleic acid,1,,,,2.391,6.109,1,200,0.4,2470
285,https://doi.org/10.1021/acsabm.1c00040,11,858,,Fe1Fe2O4,,,0.8214285714,0.7826086957,70,45,,227,rod,86.4,120,20,,oleic acid,1,,,,2.391,6.109,1,800,0.4,4214
286,https://doi.org/10.1021/acsabm.1c00040,11,858,,Fe1Fe2O4,,,0.6617647059,0.4888888889,170,55,,227,rod,86.4,120,20,,oleic acid,1,,,,2.391,6.109,1,800,0.34,3225
287,https://doi.org/10.1021/acsabm.1c00040,11,858,,Fe1Fe2O4,,,0.6428571429,0.4444444444,210,60,,227,rod,86.4,120,20,,oleic acid,1,,,,2.391,6.109,1,600,0.34,2485
288,https://doi.org/10.1021/acsabm.1c00040,11,858,,Fe1Fe2O4,,,0.6428571429,0.4444444444,210,60,,227,rod,86.4,120,20,,oleic acid,1,,,,2.391,6.109,1,400,0.34,2273
289,https://doi.org/10.1021/acsabm.1c00040,11,858,,Fe1Fe2O4,,,0.6428571429,0.4444444444,210,60,,227,rod,86.4,120,20,,oleic acid,1,,,,2.391,6.109,1,200,0.34,1464
290,https://doi.org/10.1021/acsabm.1c00040,11,858,,Fe1Fe2O4,,,0.6428571429,0.4444444444,210,60,,227,rod,86.4,120,20,,oleic acid,1,,,,2.391,6.109,1,800,0.188,2240
291,https://doi.org/10.1021/acsabm.1c00040,11,858,,Fe1Fe2O4,,,0.6428571429,0.4444444444,210,60,,227,rod,86.4,120,20,,oleic acid,1,,,,2.391,6.109,1,600,0.188,1930
292,https://doi.org/10.1021/acsabm.1c00040,11,858,,Fe1Fe2O4,,,0.6428571429,0.4444444444,210,60,,227,rod,86.4,120,20,,oleic acid,1,,,,2.391,6.109,1,400,0.188,1220
293,https://doi.org/10.1021/acsabm.1c00040,11,858,,Fe1Fe2O4,,,0.6428571429,0.4444444444,210,60,,227,rod,86.4,120,20,,oleic acid,1,,,,2.391,6.109,1,200,0.188,724
294,https://doi.org/10.1021/acsabm.1c00040,11,858,,Fe1Fe2O4,,,0.6428571429,0.4444444444,210,60,,227,rod,83.2,200,22,,oleic acid,1,,,,2.391,6.109,1,600,0.4,3575
295,https://doi.org/10.1021/acsabm.1c00040,11,858,,Fe1Fe2O4,,,0.7272727273,0.625,110,50,,227,rod,83.2,200,22,,oleic acid,1,,,,2.391,6.109,1,400,0.4,3151
296,https://doi.org/10.1021/acsabm.1c00040,11,858,,Fe1Fe2O4,,,0.7272727273,0.625,110,50,,227,rod,84.7,200,22,,oleic acid,1,,,,2.391,6.109,1,600,0.4,3145
297,https://doi.org/10.1021/acsabm.1c00040,11,858,,Fe1Fe2O4,,,0.6617647059,0.4888888889,170,55,,227,rod,84.7,200,22,,oleic acid,1,,,,2.391,6.109,1,400,0.4,2847
298,https://doi.org/10.1021/acsabm.1c00040,11,858,,Fe1Fe2O4,,,0.6428571429,0.4444444444,210,60,,227,rod,82.4,203,28,,oleic acid,1,,,,2.391,6.109,1,600,0.4,2492
299,https://doi.org/10.1021/acsabm.1c00040,11,858,,Fe1Fe2O4,,,0.6428571429,0.4444444444,210,60,,227,rod,82.4,203,28,,oleic acid,1,,,,2.391,6.109,1,400,0.4,1987
300,https://doi.org/10.1007/s10854-021-05946-y,,,,Mn0.5Zn0.5Fe2O4,,,1,1,14,14,14,227,cubic,41.12,0.88,8.15,,,0,,,,2.114,0,0,50,0.28,110.9
301,https://doi.org/10.2217/nnm-2020-0467,,858,,Fe1Fe2O4,,,1,1,24.5,24.5,24.5,227,sphere,89.6,0,0,,"meso-2,3-dimercaptosuccinic acid",0,,,,2.391,-0.248,4,200,0.488,197.4
302,https://doi.org/10.3390/nano11030627,,858,,Fe1Fe2O4,,,1,1,22.2,22.2,22.2,227,sphere,38,0,0,,,0,,,,2.391,0,0,204,0.136,37.1
303,https://doi.org/10.3390/nano11030627,,858,,Fe1Fe2O4,,,1,1,22.2,22.2,22.2,227,sphere,38,0,0,,,0,,,,2.391,0,0,204,0.146,45.1
304,https://doi.org/10.3390/nano11030627,,858,,Fe1Fe2O4,,,1,1,22.2,22.2,22.2,227,sphere,38,0,0,,,0,,,,2.391,0,0,204,0.16,50
305,https://doi.org/10.3390/nano11030627,,858,,Fe1Fe2O4,,,1,1,22.2,22.2,22.2,227,sphere,38,0,0,,,0,,,,2.391,0,0,204,0.18,81
306,https://doi.org/10.3390/nano11030627,,858,,Fe1Fe2O4,,,1,1,22.2,22.2,22.2,227,sphere,38,0,0,,,0,,,,2.391,0,0,204,0.205,136.3
307,https://doi.org/10.3390/nano11030627,,858,,Fe1Fe2O4,,,1,1,27,27,27,227,cuboidal,70,0,0,,,0,,,,2.391,0,0,204,0.136,72.2
308,https://doi.org/10.3390/nano11030627,,858,,Fe1Fe2O4,,,1,1,27,27,27,227,cuboidal,70,0,0,,,0,,,,2.391,0,0,204,0.146,88.8
309,https://doi.org/10.3390/nano11030627,,858,,Fe1Fe2O4,,,1,1,27,27,27,227,cuboidal,70,0,0,,,0,,,,2.391,0,0,204,0.16,109.8
310,https://doi.org/10.3390/nano11030627,,858,,Fe1Fe2O4,,,1,1,27,27,27,227,cuboidal,70,0,0,,,0,,,,2.391,0,0,204,0.18,121.7
311,https://doi.org/10.3390/nano11030627,,858,,Fe1Fe2O4,,,1,1,27,27,27,227,cuboidal,70,0,0,,,0,,,,2.391,0,0,204,0.205,165.1
312,https://doi.org/10.3390/nano11030627,,858,,Fe1Fe2O4,,,0.5666666667,0.2352941176,27,3.6,,227,rod,81,0,0,,,1,,,,2.391,0,0,204,0.136,26.3
313,https://doi.org/10.3390/nano11030627,,858,,Fe1Fe2O4,,,0.5666666667,0.2352941176,27,3.6,,227,rod,81,0,0,,,1,,,,2.391,0,0,204,0.146,40
314,https://doi.org/10.3390/nano11030627,,858,,Fe1Fe2O4,,,0.5666666667,0.2352941176,27,3.6,,227,rod,81,0,0,,,1,,,,2.391,0,0,204,0.16,56.6
315,https://doi.org/10.3390/nano11030627,,858,,Fe1Fe2O4,,,0.5666666667,0.2352941176,27,3.6,,227,rod,81,0,0,,,1,,,,2.391,0,0,204,0.18,67.1
316,https://doi.org/10.3390/nano11030627,,858,,Fe1Fe2O4,,,0.5666666667,0.2352941176,27,3.6,,227,rod,81,0,0,,,1,,,,2.391,0,0,204,0.205,71
317,https://doi.org/10.1007/s10856-015-5466-7,,800,,Zn1Fe2O4,,,1,1,10,10,10,227,sphere,41.06,67.3,0.62,,,0,,,,1.691,0,0,251.4,0.28,14.1
318,https://doi.org/10.1007/s10856-015-5466-7,,800,,Zn1Fe2O4,,,1,1,10,10,10,227,sphere,41.06,67.3,0.62,,,0,,,,1.691,0,0,335.2,0.28,42.26
319,https://doi.org/10.1007/s10856-015-5466-7,,800,,Zn1Fe2O4,,,1,1,10,10,10,227,sphere,41.06,67.3,0.62,,,0,,,,1.691,0,0,419,0.28,28.19
320,https://doi.org/10.1007/s10856-015-5466-7,,520,,Co1Fe2O4,,,1,1,4,4,4,227,sphere,48.01,123.8,0.72,,,0,,,,2.246,0,0,251.4,0.28,14.1
321,https://doi.org/10.1007/s10856-015-5466-7,,520,,Co1Fe2O4,,,1,1,4,4,4,227,sphere,48.01,123.8,0.72,,,0,,,,2.246,0,0,335.2,0.28,21.14
322,https://doi.org/10.1007/s10856-015-5466-7,,520,,Co1Fe2O4,,,1,1,4,4,4,227,sphere,48.01,123.8,0.72,,,0,,,,2.246,0,0,419,0.28,35.24
323,https://doi.org/10.1039/c4tb00061g,11,858,,Fe1Fe2O4,,,1,1,14,14,14,227,cube,74,26,17.067,,GA(Gallic Acid)-PEG,0,,,,2.391,0.502,4,217.88,0.247,290.72
324,https://doi.org/10.1039/c4tb00061g,11,858,,Fe1Fe2O4,,,1,1,35,35,35,227,cube,98,23,26,,GA(Gallic Acid)-PEG,0,,,,2.391,0.502,4,251.37,0.18,430.24
325,https://doi.org/10.1039/c4tb00061g,11,858,,Fe1Fe2O4,,,1,1,14,14,14,227,cube,64,26,3.373,,GA(Gallic Acid)-PEG,0,,,,2.391,0.502,4,150.84,0.11,120
326,https://doi.org/10.1039/c4tb00061g,11,858,,Fe1Fe2O4,,,1,1,19,19,19,227,cube,73,28,2.367,,GA(Gallic Acid)-PEG,0,,,,2.391,0.502,4,150.84,0.11,146.34
327,https://doi.org/10.1039/c4tb00061g,11,858,,Fe1Fe2O4,,,1,1,24,24,24,227,cube,75,7,2.367,,GA(Gallic Acid)-PEG,0,,,,2.391,0.502,4,150.84,0.11,179.25
328,https://doi.org/10.1039/c4tb00061g,11,858,,Fe1Fe2O4,,,1,1,35,35,35,227,cube,88,23,0,,GA(Gallic Acid)-PEG,0,,,,2.391,0.502,4,202.38,0.11,42.31
329,https://doi.org/10.1039/c4tb00061g,11,858,,Fe1Fe2O4,,,1,1,35,35,35,227,cube,88,23,3.78,,GA(Gallic Acid)-PEG,0,,,,2.391,0.502,4,304.19,0.11,384.6
330,https://doi.org/10.1039/c4tb00061g,11,858,,Fe1Fe2O4,,,1,1,35,35,35,227,cube,88,23,2.513,,GA(Gallic Acid)-PEG,0,,,,2.391,0.502,4,400.98,0.11,473.1
331,https://doi.org/10.1039/c4tb00061g,11,858,,Fe1Fe2O4,,,1,1,14,14,14,227,cube,64,26,2.24,,GA(Gallic Acid)-PEG,0,,,,2.391,0.502,4,252.66,0.11,130.8
332,https://doi.org/10.1039/c4tb00061g,11,858,,Fe1Fe2O4,,,1,1,14,14,14,227,cube,64,26,10.573,,GA(Gallic Acid)-PEG,0,,,,2.391,0.502,4,304.19,0.11,151.85
333,https://doi.org/10.1039/c4tb00061g,11,858,,Fe1Fe2O4,,,1,1,19,19,19,227,cube,73,28,2.507,,GA(Gallic Acid)-PEG,0,,,,2.391,0.502,4,202.38,0.11,204.88
334,https://doi.org/10.1039/c4tb00061g,11,858,,Fe1Fe2O4,,,1,1,19,19,19,227,cube,73,28,2.513,,GA(Gallic Acid)-PEG,0,,,,2.391,0.502,4,252.66,0.11,254.27
335,https://doi.org/10.1039/c4tb00061g,11,858,,Fe1Fe2O4,,,1,1,19,19,19,227,cube,73,28,0.18,,GA(Gallic Acid)-PEG,0,,,,2.391,0.502,4,400.98,0.11,310.98
336,https://doi.org/10.1039/c4tb00061g,11,858,,Fe1Fe2O4,,,1,1,14,14,14,227,cube,64,26,1.173,,GA(Gallic Acid)-PEG,0,,,,2.391,0.502,4,150.84,0.22,200
337,https://doi.org/10.1039/c4tb00061g,11,858,,Fe1Fe2O4,,,1,1,19,19,19,227,cube,73,28,1.87,,GA(Gallic Acid)-PEG,0,,,,2.391,0.502,4,150.84,0.22,321.57
338,https://doi.org/10.1039/c4tb00061g,11,858,,Fe1Fe2O4,,,1,1,19,19,19,227,cube,73,28,0.18,,GA(Gallic Acid)-PEG,0,,,,2.391,0.502,4,304.19,0.22,639.22
339,https://doi.org/10.1039/c4tb00061g,11,858,,Fe1Fe2O4,,,1,1,24,24,24,227,cube,75,7,0.18,,GA(Gallic Acid)-PEG,0,,,,2.391,0.502,4,252.66,0.22,680.27
340,https://doi.org/10.1039/c4tb00061g,11,858,,Fe1Fe2O4,,,1,1,24,24,24,227,cube,75,7,0.18,,GA(Gallic Acid)-PEG,0,,,,2.391,0.502,4,304.19,0.22,780.95
341,https://doi.org/10.1039/c4tb00061g,11,858,,Fe1Fe2O4,,,1,1,35,35,35,227,cube,88,23,0,,GA(Gallic Acid)-PEG,0,,,,2.391,0.502,4,150.84,0.22,42.86
342,https://doi.org/10.1039/c4tb00061g,11,858,,Fe1Fe2O4,,,1,1,35,35,35,227,cube,88,23,4.847,,GA(Gallic Acid)-PEG,0,,,,2.391,0.502,4,304.2,0.22,1066.7
343,https://doi.org/10.1039/c4tb00061g,11,858,,Fe1Fe2O4,,,1,1,35,35,35,227,cube,88,23,3.14,,GA(Gallic Acid)-PEG,0,,,,2.391,0.502,4,202.38,0.3,276
344,https://doi.org/10.1039/c4tb00061g,11,858,,Fe1Fe2O4,,,1,1,35,35,35,227,cube,88,23,0.18,,GA(Gallic Acid)-PEG,0,,,,2.391,0.502,4,252.66,0.3,672
345,https://doi.org/10.1039/c4tb00061g,11,858,,Fe1Fe2O4,,,1,1,35,35,35,227,cube,88,23,0.18,,GA(Gallic Acid)-PEG,0,,,,2.391,0.502,4,304.19,0.3,1352
346,https://doi.org/10.1039/c4tb00061g,11,858,,Fe1Fe2O4,,,1,1,24,24,24,227,cube,75,7,0.537,,GA(Gallic Acid)-PEG,0,,,,2.391,0.502,4,202.38,0.3,644
347,https://doi.org/10.1039/c4tb00061g,11,858,,Fe1Fe2O4,,,1,1,19,19,19,227,cube,73,28,0.173,,GA(Gallic Acid)-PEG,0,,,,2.391,0.502,4,202.38,0.3,630
348,https://doi.org/10.1039/c4tb00061g,11,858,,Fe1Fe2O4,,,1,1,19,19,19,227,cube,73,28,0.18,,GA(Gallic Acid)-PEG,0,,,,2.391,0.502,4,252.66,0.3,740
349,https://doi.org/10.1039/c4tb00061g,11,858,,Fe1Fe2O4,,,1,1,14,14,14,227,cube,64,26,0.62,,GA(Gallic Acid)-PEG,0,,,,2.391,0.502,4,150.84,0.3,316
350,https://doi.org/10.1039/c4tb00061g,11,858,,Fe1Fe2O4,,,1,1,14,14,14,227,cube,64,26,0.627,,GA(Gallic Acid)-PEG,0,,,,2.391,0.502,4,202.38,0.3,376
351,https://doi.org/10.1007/s10856-015-5466-7,,843,,Ni1Fe2O4,,,1,1,8.1,8.1,8.1,227,sphere,17.49,20.04,0.02,,,0,,,,2.096,0,0,201.12,0.273,213.057
352,https://doi.org/10.1007/s10856-015-5466-7,,573,,Mn1Fe2O4,,,1,1,7.13,7.13,7.13,57,sphere,51.99,44.52,0.52,,,0,,,,2.537,0,0,217.88,0.247,280.41
353,https://doi.org/10.1039/c6nr01303a,,789,,Co1Fe2O4,,,1,1,7.7,7.7,7.7,227,,92,0,0,,,0,,,,2.246,0,0,213.6,0.18,19
354,https://doi.org/10.1039/c6nr01303a,,396,,Zn0.3Co0.7Fe2O4,,,1,1,6.9,6.9,6.9,227,,94,0,0,,,0,,,,2.079,0,0,213.6,0.18,6
355,dx.doi.org/10.1021/nl302160d,,,,Fe2.2C1Fe5C2,,,1,1,13.6,13.6,13.6,,sphere,132,0,0,,,0,,,,2.554,0,0,203.64,0.05,6.96
356,dx.doi.org/10.1021/nl302160d,,,,Fe2.2C1Fe5C2,,,1,1,13.6,13.6,13.6,,sphere,132,0,0,,,0,,,,2.554,0,0,251.82,0.05,8.7
357,dx.doi.org/10.1021/nl302160d,,,,Fe2.2C1Fe5C2,,,1,1,13.6,13.6,13.6,,sphere,132,0,0,,,0,,,,2.554,0,0,337.27,0.05,71.74
358,dx.doi.org/10.1021/nl302160d,,,,Fe2.2C1Fe5C2,,,1,1,13.6,13.6,13.6,,sphere,132,0,0,,,0,,,,2.554,0,0,429.09,0.05,104.35
359,dx.doi.org/10.1021/nl302160d,,,,Fe2.2C1Fe5C2,,,1,1,13.6,13.6,13.6,,sphere,132,0,0,,,0,,,,2.554,0,0,504.55,0.05,172.61
360,dx.doi.org/10.1021/nl302160d,,,,Fe2.2C1Fe5C2,,,1,1,13.6,13.6,13.6,,sphere,132,0,0,,,0,,,,2.554,0,0,593.64,0.05,293.91
361,https://doi.org/10.1021/nn2048137,11,858,,Fe1Fe2O4,,,1,1,12,12,12,227,cube,82,400,34,,poly- (maleic anhydride alt-1-octadecene),0,,,,2.391,6.67,3,294,0.573,636.573
362,https://doi.org/10.1021/nn2048137,11,858,,Fe1Fe2O4,,,1,1,19,19,19,227,cube,73.8,0,0,,poly- (maleic anhydride alt-1-octadecene),0,,,,2.391,6.67,3,100,0.32,125
363,https://doi.org/10.1021/nn2048137,11,858,,Fe1Fe2O4,,,1,1,19,19,19,227,cube,73.8,0,0,,poly- (maleic anhydride alt-1-octadecene),0,,,,2.391,6.67,3,151.2,0.32,331.52
364,https://doi.org/10.1021/nn2048137,11,858,,Fe1Fe2O4,,,1,1,19,19,19,227,cube,73.8,0,0,,poly- (maleic anhydride alt-1-octadecene),0,,,,2.391,6.67,3,187.7,0.32,536.3
365,https://doi.org/10.1021/nn2048137,11,858,,Fe1Fe2O4,,,1,1,19,19,19,227,cube,73.8,0,0,,poly- (maleic anhydride alt-1-octadecene),0,,,,2.391,6.67,3,226.8,0.32,750
366,https://doi.org/10.1021/nn2048137,11,858,,Fe1Fe2O4,,,1,1,19,19,19,227,cube,73.8,0,0,,poly- (maleic anhydride alt-1-octadecene),0,,,,2.391,6.67,3,277.2,0.32,934.8
367,https://doi.org/10.1021/nn2048137,11,858,,Fe1Fe2O4,,,1,1,19,19,19,227,cube,73.8,0,0,,poly- (maleic anhydride alt-1-octadecene),0,,,,2.391,6.67,3,126,0.52,236.26
368,https://doi.org/10.1021/nn2048137,11,858,,Fe1Fe2O4,,,1,1,19,19,19,227,cube,73.8,0,0,,poly- (maleic anhydride alt-1-octadecene),0,,,,2.391,6.67,3,187.4,0.52,604.4
369,https://doi.org/10.1021/nn2048137,11,858,,Fe1Fe2O4,,,1,1,19,19,19,227,cube,73.8,0,0,,poly- (maleic anhydride alt-1-octadecene),0,,,,2.391,6.67,3,226.8,0.52,1164.84
370,https://doi.org/10.1021/nn2048137,11,858,,Fe1Fe2O4,,,1,1,19,19,19,227,cube,73.8,0,0,,poly- (maleic anhydride alt-1-octadecene),0,,,,2.391,6.67,3,277.2,0.52,1412.09
371,https://doi.org/10.1021/nn2048137,11,858,,Fe1Fe2O4,,,1,1,19,19,19,227,cube,73.8,0,0,,poly- (maleic anhydride alt-1-octadecene),0,,,,2.391,6.67,3,302.4,0.52,1967.03
372,https://doi.org/10.1021/nn2048137,11,858,,Fe1Fe2O4,,,1,1,19,19,19,227,cube,73.8,0,0,,poly- (maleic anhydride alt-1-octadecene),0,,,,2.391,6.67,3,365.4,0.52,2450.55
373,https://doi.org/10.1021/nn2048137,11,858,,Fe1Fe2O4,,,1,1,19,19,19,227,cube,73.8,0,0,,poly- (maleic anhydride alt-1-octadecene),0,,,,2.391,6.67,3,88,0.7,150
374,https://doi.org/10.1021/nn2048137,11,858,,Fe1Fe2O4,,,1,1,19,19,19,227,cube,73.8,0,0,,poly- (maleic anhydride alt-1-octadecene),0,,,,2.391,6.67,3,163.8,0.7,650
375,https://doi.org/10.1021/nn2048137,11,858,,Fe1Fe2O4,,,1,1,19,19,19,227,cube,73.8,0,0,,poly- (maleic anhydride alt-1-octadecene),0,,,,2.391,6.67,3,226.8,0.7,1286.84
376,https://doi.org/10.1021/nn2048137,11,858,,Fe1Fe2O4,,,1,1,19,19,19,227,cube,73.8,0,0,,poly- (maleic anhydride alt-1-octadecene),0,,,,2.391,6.67,3,264.6,0.7,1681.58
377,https://doi.org/10.1021/nn2048137,11,858,,Fe1Fe2O4,,,1,1,19,19,19,227,cube,73.8,0,0,,poly- (maleic anhydride alt-1-octadecene),0,,,,2.391,6.67,3,302.4,0.7,2202.63
378,https://doi.org/10.1021/nn2048137,11,858,,Fe1Fe2O4,,,1,1,25,25,25,227,cube,66.277,404.667,20.847,,poly- (maleic anhydride alt-1-octadecene),0,,,,2.391,6.67,3,189,0.32,36.36
379,https://doi.org/10.1021/nn2048137,11,858,,Fe1Fe2O4,,,1,1,25,25,25,227,cube,66.277,404.667,20.847,,poly- (maleic anhydride alt-1-octadecene),0,,,,2.391,6.67,3,226.8,0.32,38.96
380,https://doi.org/10.1021/nn2048137,11,858,,Fe1Fe2O4,,,1,1,25,25,25,227,cube,66.277,404.667,20.847,,poly- (maleic anhydride alt-1-octadecene),0,,,,2.391,6.67,3,226.8,0.52,113.6
381,https://doi.org/10.1021/nn2048137,11,858,,Fe1Fe2O4,,,1,1,25,25,25,227,cube,66.277,404.667,20.847,,poly- (maleic anhydride alt-1-octadecene),0,,,,2.391,6.67,3,264.6,0.7,192.31
382,https://doi.org/10.1021/nn2048137,11,858,,Fe1Fe2O4,,,1,1,25,25,25,227,cube,66.277,404.667,20.847,,poly- (maleic anhydride alt-1-octadecene),0,,,,2.391,6.67,3,302.4,0.7,308.97
383,https://doi.org/10.1021/nn2048137,11,858,,Fe1Fe2O4,,,1,1,25,25,25,227,cube,66.277,404.667,20.847,,poly- (maleic anhydride alt-1-octadecene),0,,,,2.391,6.67,3,277.2,0.32,496.27
384,https://doi.org/10.1021/nn2048137,11,858,,Fe1Fe2O4,,,1,1,25,25,25,227,cube,66.277,404.667,20.847,,poly- (maleic anhydride alt-1-octadecene),0,,,,2.391,6.67,3,189,0.52,283.58
385,https://doi.org/10.1021/nn2048137,11,858,,Fe1Fe2O4,,,1,1,25,25,25,227,cube,66.277,404.667,20.847,,poly- (maleic anhydride alt-1-octadecene),0,,,,2.391,6.67,3,365.4,0.52,1667.91
386,https://doi.org/10.1021/nn2048137,11,858,,Fe1Fe2O4,,,1,1,25,25,25,227,cube,66.277,404.667,20.847,,poly- (maleic anhydride alt-1-octadecene),0,,,,2.391,6.67,3,88,0.7,67.16
387,https://doi.org/10.1021/nn2048137,11,858,,Fe1Fe2O4,,,1,1,25,25,25,227,cube,66.277,404.667,20.847,,poly- (maleic anhydride alt-1-octadecene),0,,,,2.391,6.67,3,226.8,0.7,727.61
388,https://doi.org/10.1021/nn2048137,11,858,,Fe1Fe2O4,,,1,1,25,25,25,227,cube,66.277,404.667,20.847,,poly- (maleic anhydride alt-1-octadecene),0,,,,2.391,6.67,3,264.6,0.7,910.45
389,https://doi.org/10.1021/nn2048137,11,858,,Fe1Fe2O4,,,1,1,25,25,25,227,cube,66.277,404.667,20.847,,poly- (maleic anhydride alt-1-octadecene),0,,,,2.391,6.67,3,302.4,0.7,1104.48
390,https://doi.org/10.1021/nn2048137,11,858,,Fe1Fe2O4,,,1,1,38,38,38,227,cube,72.167,1.848,28.933,,poly- (maleic anhydride alt-1-octadecene),0,,,,2.391,6.67,3,151.2,0.32,5.75
391,https://doi.org/10.1021/nn2048137,11,858,,Fe1Fe2O4,,,1,1,38,38,38,227,cube,72.167,1.848,28.933,,poly- (maleic anhydride alt-1-octadecene),0,,,,2.391,6.67,3,189,0.32,7.85
392,https://doi.org/10.1021/nn2048137,11,858,,Fe1Fe2O4,,,1,1,38,38,38,227,cube,72.167,1.848,28.933,,poly- (maleic anhydride alt-1-octadecene),0,,,,2.391,6.67,3,226.8,0.32,38.9
393,https://doi.org/10.1021/nn2048137,11,858,,Fe1Fe2O4,,,1,1,38,38,38,227,cube,72.167,1.848,28.933,,poly- (maleic anhydride alt-1-octadecene),0,,,,2.391,6.67,3,126,0.52,7.47
394,https://doi.org/10.1021/nn2048137,11,858,,Fe1Fe2O4,,,1,1,38,38,38,227,cube,72.167,1.848,28.933,,poly- (maleic anhydride alt-1-octadecene),0,,,,2.391,6.67,3,189,0.52,62.64
395,https://doi.org/10.1021/nn2048137,11,858,,Fe1Fe2O4,,,1,1,38,38,38,227,cube,72.167,1.848,28.933,,poly- (maleic anhydride alt-1-octadecene),0,,,,2.391,6.67,3,226.8,0.7,211.49
396,https://doi.org/10.1021/nn2048137,11,858,,Fe1Fe2O4,,,1,1,38,38,38,227,cube,72.167,1.848,28.933,,poly- (maleic anhydride alt-1-octadecene),0,,,,2.391,6.67,3,302.4,0.7,352.87
397,http://dx.doi.org/10.1021/acs.chemmater.5b04780,,803,,Co1Fe2O4,,,1,1,15,15,15,227,cube,47.9,10,40,,decanoic acid,0,,,,2.246,3.212,1,201.12,0.3,213.743
398,http://dx.doi.org/10.1021/acs.chemmater.5b04780,,,,Co0.5Fe0.5Fe2O4,,,1,1,20,20,20,227,cube,73.75,13.58,49.2,,decanoic acid,0,,,,2.319,3.212,1,234.64,0.22,358.073
399,http://dx.doi.org/10.1021/acs.chemmater.5b04780,,,,Co0.5Fe0.5Fe2O4,,,1,1,20,20,20,227,cube,40,2.545,30,,decanoic acid,0,,,,2.319,3.212,1,150.8,0.1,74.75
400,http://dx.doi.org/10.1021/acs.chemmater.5b04780,,,,Co0.5Fe0.5Fe2O4,,,1,1,20,20,20,227,cube,60,2.545,30,,decanoic acid,0,,,,2.319,3.212,1,201.06,0.1,157.58
401,http://dx.doi.org/10.1021/acs.chemmater.5b04780,,,,Co0.5Fe0.5Fe2O4,,,1,1,20,20,20,227,cube,60,2.545,30,,decanoic acid,0,,,,2.319,3.212,1,301.59,0.1,391.92
402,http://dx.doi.org/10.1021/acs.chemmater.5b04780,,,,Co0.5Fe0.5Fe2O4,,,1,1,20,20,20,227,cube,60,2.545,30,,decanoic acid,0,,,,2.319,3.212,1,402.12,0.1,678.79
403,http://dx.doi.org/10.1021/acs.chemmater.5b04780,,,,Co0.5Fe0.5Fe2O4,,,1,1,20,20,20,227,cube,60,2.545,30,,decanoic acid,0,,,,2.319,3.212,1,150.8,0.22,146.94
404,http://dx.doi.org/10.1021/acs.chemmater.5b04780,,,,Co0.5Fe0.5Fe2O4,,,1,1,20,20,20,227,cube,60,2.545,30,,decanoic acid,0,,,,2.319,3.212,1,201.06,0.22,279
405,http://dx.doi.org/10.1021/acs.chemmater.5b04780,,,,Co0.5Fe0.5Fe2O4,,,1,1,20,20,20,227,cube,60,2.545,30,,decanoic acid,0,,,,2.319,3.212,1,251.33,0.22,453.06
406,http://dx.doi.org/10.1021/acs.chemmater.5b04780,,,,Co0.5Fe0.5Fe2O4,,,1,1,20,20,20,227,cube,60,2.545,30,,decanoic acid,0,,,,2.319,3.212,1,301.59,0.22,628.57
407,http://dx.doi.org/10.1021/acs.chemmater.5b04780,,,,Co0.5Fe0.5Fe2O4,,,1,1,20,20,20,227,cube,60,2.545,30,,decanoic acid,0,,,,2.319,3.212,1,150.8,0.3,122.45
408,http://dx.doi.org/10.1021/acs.chemmater.5b04780,,,,Co0.5Fe0.5Fe2O4,,,1,1,20,20,20,227,cube,60,2.545,30,,decanoic acid,0,,,,2.319,3.212,1,201.06,0.3,246.94
409,http://dx.doi.org/10.1021/acs.chemmater.5b04780,,,,Co0.5Fe0.5Fe2O4,,,1,1,20,20,20,227,cube,60,2.545,30,,decanoic acid,0,,,,2.319,3.212,1,251.33,0.3,416.33
410,http://dx.doi.org/10.1021/acs.chemmater.5b04780,,,,Co0.7Fe0.3Fe2O4,,,1,1,27,27,27,227,cube,60,7.36,40,,decanoic acid,0,,,,2.289,3.212,1,234.64,0.247,358.76
411,http://dx.doi.org/10.1021/acs.chemmater.5b04780,,,,Co0.7Fe0.3Fe2O4,,,1,1,27,27,27,227,cube,70,400,20,,decanoic acid,0,,,,2.289,3.212,1,150.8,0.1,68
412,http://dx.doi.org/10.1021/acs.chemmater.5b04780,,,,Co0.7Fe0.3Fe2O4,,,1,1,27,27,27,227,cube,70,400,20,,decanoic acid,0,,,,2.289,3.212,1,201.06,0.1,134
413,http://dx.doi.org/10.1021/acs.chemmater.5b04780,,,,Co0.7Fe0.3Fe2O4,,,1,1,27,27,27,227,cube,70,400,20,,decanoic acid,0,,,,2.289,3.212,1,251.33,0.1,220
414,http://dx.doi.org/10.1021/acs.chemmater.5b04780,,,,Co0.7Fe0.3Fe2O4,,,1,1,27,27,27,227,cube,70,400,20,,decanoic acid,0,,,,2.289,3.212,1,301.59,0.1,290
415,http://dx.doi.org/10.1021/acs.chemmater.5b04780,,,,Co0.7Fe0.3Fe2O4,,,1,1,27,27,27,227,cube,70,400,20,,decanoic acid,0,,,,2.289,3.212,1,402.12,0.1,428
416,http://dx.doi.org/10.1021/acs.chemmater.5b04780,,,,Co0.7Fe0.3Fe2O4,,,1,1,27,27,27,227,cube,49,300,15,,decanoic acid,0,,,,2.289,3.212,1,150.84,0.1,153.53
417,http://dx.doi.org/10.1021/acs.chemmater.5b04780,,,,Co0.7Fe0.3Fe2O4,,,1,1,27,27,27,227,cube,49,300,15,,decanoic acid,0,,,,2.289,3.212,1,201.12,0.1,276.77
418,http://dx.doi.org/10.1021/acs.chemmater.5b04780,,,,Co0.7Fe0.3Fe2O4,,,1,1,27,27,27,227,cube,49,300,15,,decanoic acid,0,,,,2.289,3.212,1,251.4,0.1,426.26
419,http://dx.doi.org/10.1021/acs.chemmater.5b04780,,,,Co0.7Fe0.3Fe2O4,,,1,1,27,27,27,227,cube,49,300,15,,decanoic acid,0,,,,2.289,3.212,1,301.68,0.1,608.08
420,http://dx.doi.org/10.1021/acs.chemmater.5b04780,,,,Co0.7Fe0.3Fe2O4,,,1,1,27,27,27,227,cube,49,300,15,,decanoic acid,0,,,,2.289,3.212,1,402.24,0.1,915.15
421,http://dx.doi.org/10.1021/acs.chemmater.5b04780,,,,Co0.7Fe0.3Fe2O4,,,1,1,27,27,27,227,cube,53,400,20,,decanoic acid,0,,,,2.289,3.212,1,150.84,0.1,59.41
422,http://dx.doi.org/10.1021/acs.chemmater.5b04780,,,,Co0.7Fe0.3Fe2O4,,,1,1,27,27,27,227,cube,53,400,20,,decanoic acid,0,,,,2.289,3.212,1,201.12,0.1,97.03
423,http://dx.doi.org/10.1021/acs.chemmater.5b04780,,,,Co0.7Fe0.3Fe2O4,,,1,1,27,27,27,227,cube,53,400,20,,decanoic acid,0,,,,2.289,3.212,1,301.68,0.1,196.04
424,http://dx.doi.org/10.1021/acs.chemmater.5b04780,,,,Co0.7Fe0.3Fe2O4,,,1,1,27,27,27,227,cube,53,400,20,,decanoic acid,0,,,,2.289,3.212,1,402.24,0.1,322.77
425,http://dx.doi.org/10.1021/acs.chemmater.5b04780,,,,Co0.7Fe0.3Fe2O4,,,1,1,27,27,27,227,cube,48,300,15.4,,decanoic acid,0,,,,2.289,3.212,1,150.84,0.1,158
426,http://dx.doi.org/10.1021/acs.chemmater.5b04780,,,,Co0.7Fe0.3Fe2O4,,,1,1,27,27,27,227,cube,48,300,15.4,,decanoic acid,0,,,,2.289,3.212,1,201.12,0.1,274
427,http://dx.doi.org/10.1021/acs.chemmater.5b04780,,,,Co0.7Fe0.3Fe2O4,,,1,1,27,27,27,227,cube,48,300,15.4,,decanoic acid,0,,,,2.289,3.212,1,251.4,0.1,422
428,http://dx.doi.org/10.1021/acs.chemmater.5b04780,,,,Co0.7Fe0.3Fe2O4,,,1,1,27,27,27,227,cube,48,300,15.4,,decanoic acid,0,,,,2.289,3.212,1,301.68,0.1,600
429,http://dx.doi.org/10.1021/acs.chemmater.5b04780,,,,Co0.7Fe0.3Fe2O4,,,1,1,27,27,27,227,cube,48,300,15.4,,decanoic acid,0,,,,2.289,3.212,1,402.24,0.1,906
430,http://dx.doi.org/10.1021/acs.chemmater.5b04780,,,,Co0.7Fe0.3Fe2O4,,,1,1,27,27,27,227,cube,70,400,20,,decanoic acid,0,,,,2.289,3.212,1,201.063,0.1,140.667
431,http://dx.doi.org/10.1021/acs.chemmater.5b04780,,,,Co0.7Fe0.3Fe2O4,,,1,1,27,27,27,227,cube,63.25,10.86,43.067,,decanoic acid,0,,,,2.289,3.212,1,150.84,0.22,125.77
432,http://dx.doi.org/10.1021/acs.chemmater.5b04780,,,,Co0.7Fe0.3Fe2O4,,,1,1,27,27,27,227,cube,63.25,10.86,43.067,,decanoic acid,0,,,,2.289,3.212,1,251.4,0.22,383.5
433,http://dx.doi.org/10.1021/acs.chemmater.5b04780,,,,Co0.7Fe0.3Fe2O4,,,1,1,27,27,27,227,cube,63.25,10.86,43.067,,decanoic acid,0,,,,2.289,3.212,1,301.68,0.22,564.95
434,http://dx.doi.org/10.1021/acs.chemmater.5b04780,,,,Co0.7Fe0.3Fe2O4,,,1,1,27,27,27,227,cube,63.25,10.86,43.067,,decanoic acid,0,,,,2.289,3.212,1,150.84,0.3,127.83
435,http://dx.doi.org/10.1021/acs.chemmater.5b04780,,,,Co0.7Fe0.3Fe2O4,,,1,1,27,27,27,227,cube,63.25,10.86,43.067,,decanoic acid,0,,,,2.289,3.212,1,201.12,0.3,150.51
436,http://dx.doi.org/10.1021/acs.chemmater.5b04780,,,,Co0.7Fe0.3Fe2O4,,,1,1,27,27,27,227,cube,63.25,10.86,43.067,,decanoic acid,0,,,,2.289,3.212,1,251.4,0.3,362.89
437,http://dx.doi.org/10.1021/acs.chemmater.5b04780,,,,Co0.1Fe0.9Fe2O4,,,1,1,17,17,17,227,cube,73.5,143,10.8,,decanoic acid,0,,,,2.377,3.212,1,251.37,0.18,430.24
438,http://dx.doi.org/10.1021/acs.chemmater.5b04780,,,,Co0.1Fe0.9Fe2O4,,,1,1,17,17,17,227,cube,86.2,9.1,69,,decanoic acid,0,,,,2.377,3.212,1,201.12,0.3,213.743
439,http://dx.doi.org/10.1021/acs.chemmater.5b04780,,,,Co0.3Fe0.7Fe2O4,,,1,1,19,19,19,227,cube,63.97,94.12,8.107,,decanoic acid,0,,,,2.348,3.212,1,251.4,0.1,226.26
440,http://dx.doi.org/10.1021/acs.chemmater.5b04780,,,,Co0.3Fe0.7Fe2O4,,,1,1,19,19,19,227,cube,63.97,94.12,6.107,,decanoic acid,0,,,,2.348,3.212,1,402.24,0.1,563.64
441,http://dx.doi.org/10.1021/acs.jpcc.6b02006,11,858,,Fe1Fe2O4,,,0.5853658537,0.2916666667,41,7,,227,rod,91.32,0,0,,oleic acid- coated,1,,,,2.391,6.109,1,100,0.31,8
442,http://dx.doi.org/10.1021/acs.jpcc.6b02006,11,858,,Fe1Fe2O4,,,0.5853658537,0.2916666667,41,7,,227,rod,91.32,0,0,,oleic acid- coated,1,,,,2.391,6.109,1,200,0.31,8
443,http://dx.doi.org/10.1021/acs.jpcc.6b02006,11,858,,Fe1Fe2O4,,,0.5853658537,0.2916666667,41,7,,227,rod,91.32,0,0,,oleic acid- coated,1,,,,2.391,6.109,1,300,0.31,32
444,http://dx.doi.org/10.1021/acs.jpcc.6b02006,11,858,,Fe1Fe2O4,,,0.5853658537,0.2916666667,41,7,,227,rod,91.32,0,0,,oleic acid- coated,1,,,,2.391,6.109,1,400,0.31,154.67
445,http://dx.doi.org/10.1021/acs.jpcc.6b02006,11,858,,Fe1Fe2O4,,,0.5853658537,0.2916666667,41,7,,227,rod,91.32,0,0,,oleic acid- coated,1,,,,2.391,6.109,1,500,0.31,185.78
446,http://dx.doi.org/10.1021/acs.jpcc.6b02006,11,858,,Fe1Fe2O4,,,0.5853658537,0.2916666667,41,7,,227,rod,91.32,0,0,,oleic acid- coated,1,,,,2.391,6.109,1,600,0.31,331.56
447,http://dx.doi.org/10.1021/acs.jpcc.6b02006,11,858,,Fe1Fe2O4,,,0.5853658537,0.2916666667,41,7,,227,rod,91.32,0,0,,oleic acid- coated,1,,,,2.391,6.109,1,700,0.31,392.89
448,http://dx.doi.org/10.1021/acs.jpcc.6b02006,11,858,,Fe1Fe2O4,,,0.5853658537,0.2916666667,41,7,,227,rod,91.32,0,0,,oleic acid- coated,1,,,,2.391,6.109,1,800,0.31,552
449,http://dx.doi.org/10.1021/acs.jpcc.6b02006,11,858,,Fe1Fe2O4,,,0.5438461538,0.1612446959,65,5.7,,227,rod,88.3,0,0,,oleic acid- coated,1,,,,2.391,6.109,1,200,0.31,14.47
450,http://dx.doi.org/10.1021/acs.jpcc.6b02006,11,858,,Fe1Fe2O4,,,0.5438461538,0.1612446959,65,5.7,,227,rod,88.3,0,0,,oleic acid- coated,1,,,,2.391,6.109,1,400,0.31,204.6
451,http://dx.doi.org/10.1021/acs.jpcc.6b02006,11,858,,Fe1Fe2O4,,,0.5438461538,0.1612446959,65,5.7,,227,rod,88.3,0,0,,oleic acid- coated,1,,,,2.391,6.109,1,500,0.31,489.61
452,http://dx.doi.org/10.1021/acs.jpcc.6b02006,11,858,,Fe1Fe2O4,,,0.5438461538,0.1612446959,65,5.7,,227,rod,88.3,0,0,,oleic acid- coated,1,,,,2.391,6.109,1,700,0.31,754.61
453,http://dx.doi.org/10.1021/acs.jpcc.6b02006,11,858,,Fe1Fe2O4,,,0.5438461538,0.1612446959,65,5.7,,227,rod,88.3,0,0,,oleic acid- coated,1,,,,2.391,6.109,1,800,0.31,857.89
454,http://dx.doi.org/10.1021/acs.jpcc.6b02006,11,858,,Fe1Fe2O4,,,0.5438461538,0.1612446959,65,5.7,,227,rod,88.3,0,0,,oleic acid- coated,1,,,,2.391,6.109,1,152.75,0.15,9.43
455,http://dx.doi.org/10.1021/acs.jpcc.6b02006,11,858,,Fe1Fe2O4,,,0.5438461538,0.1612446959,65,5.7,,227,rod,88.3,0,0,,oleic acid- coated,1,,,,2.391,6.109,1,171.43,0.15,14.98
456,http://dx.doi.org/10.1021/acs.jpcc.6b02006,11,858,,Fe1Fe2O4,,,0.5438461538,0.1612446959,65,5.7,,227,rod,88.3,0,0,,oleic acid- coated,1,,,,2.391,6.109,1,192.31,0.15,22
457,http://dx.doi.org/10.1021/acs.jpcc.6b02006,11,858,,Fe1Fe2O4,,,0.5438461538,0.1612446959,65,5.7,,227,rod,88.3,0,0,,oleic acid- coated,1,,,,2.391,6.109,1,212.09,0.15,30.92
458,http://dx.doi.org/10.1021/acs.jpcc.6b02006,11,858,,Fe1Fe2O4,,,0.5438461538,0.1612446959,65,5.7,,227,rod,88.3,0,0,,oleic acid- coated,1,,,,2.391,6.109,1,231.87,0.15,41.3
459,http://dx.doi.org/10.1021/acs.jpcc.6b02006,11,858,,Fe1Fe2O4,,,0.5438461538,0.1612446959,65,5.7,,227,rod,88.3,0,0,,oleic acid- coated,1,,,,2.391,6.109,1,254.94,0.15,53.73
460,http://dx.doi.org/10.1021/acs.jpcc.6b02006,11,858,,Fe1Fe2O4,,,0.5438461538,0.1612446959,65,5.7,,227,rod,88.3,0,0,,oleic acid- coated,1,,,,2.391,6.109,1,300,0.15,80.34
461,http://dx.doi.org/10.1021/acs.jpcc.6b02006,11,858,,Fe1Fe2O4,,,0.5438461538,0.1612446959,65,5.7,,227,rod,88.3,0,0,,oleic acid- coated,1,,,,2.391,6.109,1,323.63,0.15,102.48
462,http://dx.doi.org/10.1021/acs.jpcc.6b02006,11,858,,Fe1Fe2O4,,,0.5438461538,0.1612446959,65,5.7,,227,rod,88.3,0,0,,oleic acid- coated,1,,,,2.391,6.109,1,347.25,0.15,118.57
463,http://dx.doi.org/10.1021/acs.jpcc.6b02006,11,858,,Fe1Fe2O4,,,0.5438461538,0.1612446959,65,5.7,,227,rod,88.3,0,0,,oleic acid- coated,1,,,,2.391,6.109,1,370.33,0.15,131.14
464,http://dx.doi.org/10.1021/acs.jpcc.6b02006,11,858,,Fe1Fe2O4,,,0.5438461538,0.1612446959,65,5.7,,227,rod,88.3,0,0,,oleic acid- coated,1,,,,2.391,6.109,1,386.81,0.15,139.62
465,http://dx.doi.org/10.1021/acs.jpcc.6b02006,11,858,,Fe1Fe2O4,,,0.5438461538,0.1612446959,65,5.7,,227,rod,88.3,0,0,,oleic acid- coated,1,,,,2.391,6.109,1,396.15,0.15,143.57
466,http://dx.doi.org/10.1021/acs.jpcc.6b02006,11,858,,Fe1Fe2O4,,,0.5438461538,0.1612446959,65,5.7,,227,rod,88.3,0,0,,oleic acid- coated,1,,,,2.391,6.109,1,412.09,0.15,153.66
467,http://dx.doi.org/10.1021/acs.jpcc.6b02006,11,858,,Fe1Fe2O4,,,0.5438461538,0.1612446959,65,5.7,,227,rod,88.3,0,0,,oleic acid- coated,1,,,,2.391,6.109,1,414.83,0.15,159.06
468,http://dx.doi.org/10.1021/acs.jpcc.6b02006,11,858,,Fe1Fe2O4,,,0.5438461538,0.1612446959,65,5.7,,227,rod,88.3,0,0,,oleic acid- coated,1,,,,2.391,6.109,1,418.13,0.15,161.11
469,http://dx.doi.org/10.1021/acs.jpcc.6b02006,11,858,,Fe1Fe2O4,,,0.5438461538,0.1612446959,65,5.7,,227,rod,88.3,0,0,,oleic acid- coated,1,,,,2.391,6.109,1,418.13,0.15,161.11
470,http://dx.doi.org/10.1021/acs.jpcc.6b02006,11,858,,Fe1Fe2O4,,,0.5853658537,0.2916666667,41,7,,227,rod,91.32,0,0,,oleic acid- coated,1,,,,2.391,6.109,1,140.33,0.15,3.45
471,http://dx.doi.org/10.1021/acs.jpcc.6b02006,11,858,,Fe1Fe2O4,,,0.5853658537,0.2916666667,41,7,,227,rod,91.32,0,0,,oleic acid- coated,1,,,,2.391,6.109,1,160.22,0.15,13.36
472,http://dx.doi.org/10.1021/acs.jpcc.6b02006,11,858,,Fe1Fe2O4,,,0.5853658537,0.2916666667,41,7,,227,rod,91.32,0,0,,oleic acid- coated,1,,,,2.391,6.109,1,178.45,0.15,17.67
473,http://dx.doi.org/10.1021/acs.jpcc.6b02006,11,858,,Fe1Fe2O4,,,0.5853658537,0.2916666667,41,7,,227,rod,91.32,0,0,,oleic acid- coated,1,,,,2.391,6.109,1,197.28,0.15,26.29
474,http://dx.doi.org/10.1021/acs.jpcc.6b02006,11,858,,Fe1Fe2O4,,,0.5853658537,0.2916666667,41,7,,227,rod,91.32,0,0,,oleic acid- coated,1,,,,2.391,6.109,1,218.78,0.15,34.91
475,http://dx.doi.org/10.1021/acs.jpcc.6b02006,11,858,,Fe1Fe2O4,,,0.5853658537,0.2916666667,41,7,,227,rod,91.32,0,0,,oleic acid- coated,1,,,,2.391,6.109,1,235.91,0.15,44.83
476,http://dx.doi.org/10.1021/acs.jpcc.6b02006,11,858,,Fe1Fe2O4,,,0.5853658537,0.2916666667,41,7,,227,rod,91.32,0,0,,oleic acid- coated,1,,,,2.391,6.109,1,254.7,0.15,56.47
477,http://dx.doi.org/10.1021/acs.jpcc.6b02006,11,858,,Fe1Fe2O4,,,0.5853658537,0.2916666667,41,7,,227,rod,91.32,0,0,,oleic acid- coated,1,,,,2.391,6.109,1,290.61,0.15,82.76
478,http://dx.doi.org/10.1021/acs.jpcc.6b02006,11,858,,Fe1Fe2O4,,,0.5853658537,0.2916666667,41,7,,227,rod,91.32,0,0,,oleic acid- coated,1,,,,2.391,6.109,1,309.39,0.15,94.4
479,http://dx.doi.org/10.1021/acs.jpcc.6b02006,11,858,,Fe1Fe2O4,,,0.5853658537,0.2916666667,41,7,,227,rod,91.32,0,0,,oleic acid- coated,1,,,,2.391,6.109,1,325.41,0.15,106.03
480,http://dx.doi.org/10.1021/acs.jpcc.6b02006,11,858,,Fe1Fe2O4,,,0.5853658537,0.2916666667,41,7,,227,rod,91.32,0,0,,oleic acid- coated,1,,,,2.391,6.109,1,343.65,0.15,117.67
481,http://dx.doi.org/10.1021/acs.jpcc.6b02006,11,858,,Fe1Fe2O4,,,0.5853658537,0.2916666667,41,7,,227,rod,91.32,0,0,,oleic acid- coated,1,,,,2.391,6.109,1,361.88,0.15,128.02
482,http://dx.doi.org/10.1021/acs.jpcc.6b02006,11,858,,Fe1Fe2O4,,,0.5853658537,0.2916666667,41,7,,227,rod,91.32,0,0,,oleic acid- coated,1,,,,2.391,6.109,1,374.03,0.15,134.48
483,http://dx.doi.org/10.1021/acs.jpcc.6b02006,11,858,,Fe1Fe2O4,,,0.5853658537,0.2916666667,41,7,,227,rod,91.32,0,0,,oleic acid- coated,1,,,,2.391,6.109,1,382.87,0.15,141.81
484,http://dx.doi.org/10.1021/acs.jpcc.6b02006,11,858,,Fe1Fe2O4,,,0.5853658537,0.2916666667,41,7,,227,rod,91.32,0,0,,oleic acid- coated,1,,,,2.391,6.109,1,390.61,0.15,142.24
485,http://dx.doi.org/10.1021/acs.jpcc.6b02006,11,858,,Fe1Fe2O4,,,0.5853658537,0.2916666667,41,7,,227,rod,91.32,0,0,,oleic acid- coated,1,,,,2.391,6.109,1,400.55,0.15,149.14
486,https://doi.org/10.1021/nn2048137,11,858,,Fe1Fe2O4,,,1,1,25,25,25,227,cube,60,0,0,,poly- (maleic anhydride alt-1-octadecene),0,,,,2.391,6.67,3,350,0.32,80
487,http://dx.doi.org/10.1021/acs.chemmater.5b04780,,534,,Co0.5Fe0.5Fe2O4,,,1,1,20,20,20,227,cube,60,2.545,30,,decanoic acid,0,,,,2.319,3.212,1,301.59,0.3,650
488,http://dx.doi.org/10.1021/acs.chemmater.5b04780,,534,,Co0.7Fe0.3Fe2O4,,,1,1,22,22,22,227,cube,56,11,40,,decanoic acid,0,,,,2.289,3.212,1,201.12,0.3,213.743
489,http://dx.doi.org/10.1021/acs.chemmater.5b04780,,534,,Co0.7Fe0.3Fe2O4,,,1,1,22,22,22,227,cube,61,5,42,,decanoic acid,0,,,,2.289,3.212,1,251.37,0.207,378.003
490,http://dx.doi.org/10.1021/acs.chemmater.5b04780,,534,,Co0.7Fe0.3Fe2O4,,,1,1,22,22,22,227,cube,70,8,40,,decanoic acid,0,,,,2.289,3.212,1,234.64,0.247,358.76
491,http://dx.doi.org/10.1021/acs.chemmater.5b04780,,534,,Co0.7Fe0.3Fe2O4,,,1,1,22,22,22,227,cube,53,400,20,,decanoic acid,0,,,,2.289,3.212,1,251.33,0.1,160
492,http://dx.doi.org/10.1021/acs.chemmater.5b04780,,534,,Co0.7Fe0.3Fe2O4,,,1,1,22,22,22,227,cube,60,8,40,,decanoic acid,0,,,,2.289,3.212,1,234.64,0.247,358.76
493,http://dx.doi.org/10.1021/acs.chemmater.5b04780,,534,,Co0.7Fe0.3Fe2O4,,,1,1,22,22,22,227,cube,63.25,10.86,43.067,,decanoic acid,0,,,,2.289,3.212,1,301.59,0.1,600
494,http://dx.doi.org/10.1021/acs.jpcc.6b02006,11,858,,Fe1Fe2O4,,,0.5892857143,0.303030303,56,10,,227,rod,88.3,0,0,,oleic acid- coated,1,,,,2.391,6.109,1,600,0.31,670
495,https://doi.org/10.1021/nn2048137,11,858,,Fe1Fe2O4,,,1,1,30,30,30,227,cube,60,0,0,,poly- (maleic anhydride alt-1-octadecene),0,,,,2.391,6.67,3,550,0.32,125
496,https://doi.org/10.1021/nn2048137,11,858,,Fe1Fe2O4,,,1,1,30,30,30,227,cube,60,0,0,,poly- (maleic anhydride alt-1-octadecene),0,,,,2.391,6.67,3,750,0.32,160
497,https://doi.org/10.1021/acs.nanolett.0c02795,11,858,,Fe1Fe2O4,,,1,1,60,60,60,227,toroid,81.833,173.667,23.513,,,0,,,,2.391,0,0,440,0.4,2213
498,https://doi.org/10.1063/1.5006515,200,,,Co0.1Fe0.9Fe2O4,,,,,,,,227,sphere,82,7.4,65,,,0,,,,2.377,0,0,184,0.27,107
499,https://doi.org/10.1063/1.5006515,200,,,Co0.3Fe0.7Fe2O4,,,,,,,,227,sphere,84,10.597,70,,,0,,,,2.348,0,0,184,0.27,130
500,https://doi.org/10.1063/1.5006515,200,,,Co0.5Fe0.5Fe2O4,,,1,1,12,12,12,227,sphere,77,15.701,67,,,0,,,,2.319,0,0,184,0.27,210
501,https://doi.org/10.1063/1.5006515,200,,,Co0.1Fe0.9Fe2O4,,,,,,,,227,sphere,82,7.4,65,,,0,,,,2.377,0,0,234,0.27,130
502,https://doi.org/10.1063/1.5006515,200,,,Co0.1Fe0.9Fe2O4,,,,,,,,227,sphere,82,7.4,65,,,0,,,,2.377,0,0,491,0.27,210
503,https://doi.org/10.1063/1.5006515,200,,,Co0.3Fe0.7Fe2O4,,,,,,,,227,sphere,84,10.597,70,,,0,,,,2.348,0,0,234,0.27,205
504,https://doi.org/10.1063/1.5006515,200,,,Co0.3Fe0.7Fe2O4,,,,,,,,227,sphere,84,10.597,70,,,0,,,,2.348,0,0,491,0.27,350
505,https://doi.org/10.1063/1.5006515,200,,,Co0.5Fe0.5Fe2O4,,,1,1,12,12,12,227,sphere,77,15.701,67,,,0,,,,2.319,0,0,234,0.27,340
506,https://doi.org/10.1063/1.5006515,200,,,Co0.5Fe0.5Fe2O4,,,1,1,12,12,12,227,sphere,77,15.701,67,,,0,,,,2.319,0,0,491,0.27,550
507,https://doi.org/10.1039/C5RA12558H,11,858,0.21,Fe1Fe2O4,,,1,1,13,13,13,227,cube,68,0,0,,,0,,,,2.391,0,0,200,0.36,77
508,https://doi.org/10.1039/C5RA12558H,11,858,0.21,Fe1Fe2O4,,,1,1,13,13,13,227,cube,68,0,0,,,0,,,,2.391,0,0,400,0.36,128
509,https://doi.org/10.1039/C5RA12558H,11,858,0.21,Fe1Fe2O4,,,1,1,13,13,13,227,cube,68,0,0,,,0,,,,2.391,0,0,600,0.36,350
510,https://doi.org/10.1039/C5RA12558H,11,858,0.21,Fe1Fe2O4,,,1,1,13,13,13,227,cube,68,0,0,,,0,,,,2.391,0,0,800,0.36,360
511,https://doi.org/10.1039/C5RA12558H,11,858,,Fe1Fe2O4,,,1,1,22,22,22,227,cube,73,22,7,,,0,,,,2.391,0,0,200,0.36,244
512,https://doi.org/10.1039/C5RA12558H,11,858,,Fe1Fe2O4,,,1,1,22,22,22,227,cube,73,22,7,,,0,,,,2.391,0,0,400,0.36,514
513,https://doi.org/10.1039/C5RA12558H,11,858,,Fe1Fe2O4,,,1,1,22,22,22,227,cube,73,22,7,,,0,,,,2.391,0,0,600,0.36,700
514,https://doi.org/10.1039/C5RA12558H,11,858,,Fe1Fe2O4,,,1,1,22,22,22,227,cube,73,22,7,,,0,,,,2.391,0,0,800,0.36,1200
515,https://doi.org/10.1039/C5RA12558H,11,858,,Fe1Fe2O4,,,1,1,43,43,43,227,cube,85,37,14,,,0,,,,2.391,0,0,200,0.36,154
516,https://doi.org/10.1039/C5RA12558H,11,858,,Fe1Fe2O4,,,1,1,43,43,43,227,cube,85,37,14,,,0,,,,2.391,0,0,400,0.36,1000
517,https://doi.org/10.1039/C5RA12558H,11,858,,Fe1Fe2O4,,,1,1,43,43,43,227,cube,85,37,14,,,0,,,,2.391,0,0,600,0.36,1738
518,https://doi.org/10.1039/C5RA12558H,11,858,,Fe1Fe2O4,,,1,1,43,43,43,227,cube,85,37,14,,,0,,,,2.391,0,0,800,0.36,2494
519,https://doi.org/10.1039/C5RA12558H,11,858,,Fe1Fe2O4,,,1,1,98,98,98,227,cube,90,80,23,,,0,,,,2.391,0,0,200,0.36,55
520,https://doi.org/10.1039/C5RA12558H,11,858,,Fe1Fe2O4,,,1,1,98,98,98,227,cube,90,80,23,,,0,,,,2.391,0,0,400,0.36,940
521,https://doi.org/10.1039/C5RA12558H,11,858,,Fe1Fe2O4,,,1,1,98,98,98,227,cube,90,80,23,,,0,,,,2.391,0,0,600,0.36,1880
522,https://doi.org/10.1039/C5RA12558H,11,858,,Fe1Fe2O4,,,1,1,98,98,98,227,cube,90,80,23,,,0,,,,2.391,0,0,800,0.36,2666
523,https://doi.org/10.1039/C5RA12558H,11,858,,Fe1Fe2O4,,,1,1,260,260,260,227,cube,92,118,13,,,0,,,,2.391,0,0,200,0.36,226
524,https://doi.org/10.1039/C5RA12558H,11,858,,Fe1Fe2O4,,,1,1,260,260,260,227,cube,92,118,13,,,0,,,,2.391,0,0,400,0.36,440
525,https://doi.org/10.1039/C5RA12558H,11,858,,Fe1Fe2O4,,,1,1,260,260,260,227,cube,92,118,13,,,0,,,,2.391,0,0,600,0.36,702
526,https://doi.org/10.1039/C5RA12558H,11,858,,Fe1Fe2O4,,,1,1,260,260,260,227,cube,92,118,13,,,0,,,,2.391,0,0,800,0.36,875
527,https://doi.org/10.1021/acsnano.8b06542,,,,Co0.24Mn0.15Fe0.61Fe2O4,,,1,1,19,19,19,,sphere,93,0,0,,,0,,,,2.378,0,0,337,0.42,1718
528,https://doi.org/10.1039/d0na00820f,11,,,Fe1Fe2O4,,,1,1,8.4,8.4,8.4,227,sphere,20,0,0,,carboxymethylcellulose,0,,,,2.391,-3.288,7,250,0.11,7.5
529,https://doi.org/10.1039/d0na00820f,,,,Co0.03Fe0.97Fe2O4,,,1,1,7.1,7.1,7.1,227,sphere,20,0,0,,carboxymethylcellulose,0,,,,2.387,-3.288,7,250,0.11,11.8
530,https://doi.org/10.1039/d0na00820f,,,,Co0.05Fe0.95Fe2O4,,,1,1,6.9,6.9,6.9,227,sphere,20,0,0,,carboxymethylcellulose,0,,,,2.384,-3.288,7,250,0.11,13.3
531,https://doi.org/10.1039/d0na00820f,,,,Co0.1Fe0.9Fe2O4,,,1,1,7.1,7.1,7.1,227,sphere,20,0,0,,carboxymethylcellulose,0,,,,2.377,-3.288,7,250,0.11,13.8
532,https://doi.org/10.1016/j.biomaterials.2014.04.036,26,948,,Fe2O3,,,1,1,10,10,10,167,sphere,28,3.564,19.253,,,0,,,,2.368,0,0,126,0.32,86
533,https://doi.org/10.1016/j.biomaterials.2014.04.036,26,948,,Fe2O3,,,1,1,10,10,10,167,sphere,28,3.566,19.503,,,0,,,,2.368,0,0,185,0.5,112
534,https://doi.org/10.1016/j.biomaterials.2014.04.036,26,948,,Fe2O3,,,1,1,10,10,10,167,sphere,28,3.564,19.253,,,0,,,,2.368,0,0,302,0.9,253
535,https://doi.org/10.1016/j.biomaterials.2014.04.036,92,,,Co1Fe2O4,,,1,1,9.2,9.2,9.2,227,cube,32,3.564,19.253,,,0,,,,2.246,0,0,185,0.5,316
536,https://doi.org/10.1016/j.biomaterials.2014.04.036,92,,,Co1Fe2O4,,,1,1,9.2,9.2,9.2,227,cube,32,3.564,19.253,,,0,,,,2.246,0,0,243,0.7,322
537,https://doi.org/10.1016/j.biomaterials.2014.04.036,6,,,Au1Fe2O3,,,1,1,14,14,14,167,dimer,28,3.564,19.253,,,1,,,,2.262,0,0,126,0.32,74
538,https://doi.org/10.1016/j.biomaterials.2014.04.036,0.8,948,,Fe2O3,,,1,1,18,18,18,167,cube,39,7.224,32.58,,,0,,,,2.368,0,0,126,0.32,337
539,https://doi.org/10.1016/j.biomaterials.2014.04.036,0.8,948,,Fe2O3,,,1,1,18,18,18,167,cube,39,7.224,32.58,,,0,,,,2.368,0,0,302,0.9,806
540,https://doi.org/10.1016/j.biomaterials.2014.04.036,1.1,948,,Fe2O3,,,1,1,22,22,22,167,flower,39,7.224,32.58,,,0,,,,2.368,0,0,126,0.32,521
541,https://doi.org/10.1016/j.biomaterials.2014.04.036,1.1,948,,Fe2O3,,,1,1,22,22,22,167,flower,39,7.224,32.58,,,0,,,,2.368,0,0,185,0.5,928
542, ,,793,,CoFe2O4,,,1,1,4,4,4,227,,68.3,277.4,11.7,,,,,,,,,,,,
543, ,,793,,CoFe2O4,,,1,1,3.5,3.5,3.5,227,,80.3,127.2,6.9,,,,,,,,,,,,
544, ,,793,,CoFe2O5,,,1,1,4,4,4,227,,66.3,47,3.8,,,,,,,,,,,,
545, ,,658,,MnFe2O4,,,1,1,4.5,4.5,4.5,227,,61.6,53.8,4.4,,,,,,,,,,,,
546, ,,658,,MnFe2O4,,,1,1,3.5,3.5,3.5,227,,76.8,128.5,7.4,,,,,,,,,,,,
547, ,,658,,MnFe2O4,,,1,1,2,2,2,227,,58.5,114.4,2.7,,,,,,,,,,,,
548, ,,600,,ZnFe2O4,,,1,1,5,5,5,227,,96.9,74.2,7.1,,,,,,,,,,,,
549, ,,793,,CoFe2O4,,,1,1,1.5,1.5,1.5,227,,35.2,77.3,0.5,,,,,,,,,,,,
550, ,,793,,CoFe2O4,,,1,1,2,2,2,227,,45.3,59.1,0.9,,,,,,,,,,,,
551, ,,793,,CoFe2O5,,,1,1,2,2,2,227,,43,75.3,0.7,,,,,,,,,,,,
552, ,,793,,CoFe2O4,,,1,1,2,2,2,227,,99.3,195.4,5.8,,,,,,,,,,,,
553, ,,793,,CoFe2O5,,,1,1,2,2,2,227,,36.6,72.5,0.8,,,,,,,,,,,,
554, ,,658,,MnFe2O4,,,1,1,2,2,2,227,,28.8,75.8,0.5,,,,,,,,,,,,
555, ,,658,,MnFe2O4,,,1,1,1.5,1.5,1.5,227,,26.5,252.2,1.9,,,,,,,,,,,,
556, ,,658,,MnFe2O4,,,1,1,1.5,1.5,1.5,227,,20.3,152.4,0.7,,,,,,,,,,,,
557, ,,658,,MnFe2O4,,,1,1,2,2,2,227,,46.1,55.3,0.9,,,,,,,,,,,,
558, ,,658,,MnFe2O4,,,1,1,2.5,2.5,2.5,227,,19.7,125.8,0.5,,,,,,,,,,,,
559, ,,600,,ZnFe2O4,,,1,1,2,2,2,227,,26.8,99.1,0.5,,,,,,,,,,,,
560, ,,600,,ZnFe2O4,,,1,1,2,2,2,227,,31,74.7,0.5,,,,,,,,,,,,
561, ,,600,,ZnFe2O4,,,1,1,2.5,2.5,2.5,227,,33.7,66.9,0.6,,,,,,,,,,,,
562, ,,600,,ZnFe2O4,,,1,1,2.5,2.5,2.5,227,,64.3,37.8,1.8,,,,,,,,,,,,
563, ,,600,,ZnFe2O4,,,1,1,5.5,5.5,5.5,227,,85.1,100.7,9.9,,,,,,,,,,,,
564,10.1016/j.jmmm.2017.05.039,,,,,,,1,1,5,,,,,35,45,1.4,,,,,,,,,,,,
565,10.1016/j.jmmm.2017.05.039,,,,,,,1,1,7.5,,,,,48,15.2,1.3,,,,,,,,,,,,
566,10.1016/j.jmmm.2017.05.039,,,,,,,1,1,10,,,,,70,55.1,4.1,,,,,,,,,,,,
567,10.1021/acs.langmuir.8b00753,,,,,,,1,1,20.5,,,,,81.5,55,4.2,,,,,,,,,,,,
568,10.1021/acs.langmuir.8b00753,,,,,,,1,1,11.5,,,,,65.1,0.2,2.1,,,,,,,,,,,,
569,10.1021/acs.langmuir.8b00753,,,,,,,1,1,20,,,,,80.5,49,4.3,,,,,,,,,,,,
570,10.1021/acs.langmuir.8b00753,,,,,,,1,1,15.5,,,,,77.2,15.3,1.4,,,,,,,,,,,,
571,10.1021/acs.langmuir.8b00753,,,,,,,1,1,12.5,,,,,78.1,9,0.9,,,,,,,,,,,,
572,10.1021/acs.langmuir.8b00753,,,,,,,1,1,16,,,,,77.8,17.5,1.6,,,,,,,,,,,,
573,10.1021/acs.langmuir.8b00753,,,,,,,1,1,19,,,,,77.4,34.5,4.5,,,,,,,,,,,,
574,10.3390/app10186279,,,,Nickel-Zinc Ferrite Spinel,,,,,,,,,,84.44,18.54,,,,,,,,,,,,,
575,10.3390/app10186280,,,,Nickel-Zinc Ferrite Spinel,,,,,,,,,,83.97,17.56,,,,,,,,,,,,,
576,10.3390/app10186281,,,,Nickel-Zinc Ferrite Spinel,,,,,,,,,,71.84,16.48,,,,,,,,,,,,,
577,10.1039/d1nr01044a,,,,/,,,,,,,,,,,,,,,,,,,,,,,,53
578,10.1039/d1nr01044a,,,,CoFe2O4,,,,,,,,227,,,,,,,,,,,,,,,,155
579,10.1039/d1nr01044a,,600,,ZnFe2O4,,,,,,,,227,,,,,,,,,,,,,,,,68
580,10.1039/d1nr01044a,,,,CoFe2O4,,,,,,,,227,,,,,,,,,,,,,,,,121
581,10.1039/d1nr01044a,,,,CoFe2O4,,,,,,,,227,,,,,,,,,,,,,,,,121
582,10.1039/d1nr01044a,,,,CoFe2O4,,,,,,,,227,,,,,,,,,,,,,,,,121
